Title,Link,Param_Link,Description,Date
"IGX, Acme to develop green hydrogen, ammonia market in India | Mint - Mint",https://news.google.com/rss/articles/CBMiggFodHRwczovL3d3dy5saXZlbWludC5jb20vaW5kdXN0cnkvZW5lcmd5L2lneC1hY21lLXRpZS11cC10by1kZXZlbG9wLWdyZWVuLWh5ZHJvZ2VuLWFuZC1hbW1vbmlhLW1hcmtldC1pbi1pbmRpYS0xMTcwNzQ4NTY5MTY1MS5odG1s0gGGAWh0dHBzOi8vd3d3LmxpdmVtaW50LmNvbS9pbmR1c3RyeS9lbmVyZ3kvaWd4LWFjbWUtdGllLXVwLXRvLWRldmVsb3AtZ3JlZW4taHlkcm9nZW4tYW5kLWFtbW9uaWEtbWFya2V0LWluLWluZGlhL2FtcC0xMTcwNzQ4NTY5MTY1MS5odG1s?oc=5,CBMiggFodHRwczovL3d3dy5saXZlbWludC5jb20vaW5kdXN0cnkvZW5lcmd5L2lneC1hY21lLXRpZS11cC10by1kZXZlbG9wLWdyZWVuLWh5ZHJvZ2VuLWFuZC1hbW1vbmlhLW1hcmtldC1pbi1pbmRpYS0xMTcwNzQ4NTY5MTY1MS5odG1s0gGGAWh0dHBzOi8vd3d3LmxpdmVtaW50LmNvbS9pbmR1c3RyeS9lbmVyZ3kvaWd4LWFjbWUtdGllLXVwLXRvLWRldmVsb3AtZ3JlZW4taHlkcm9nZW4tYW5kLWFtbW9uaWEtbWFya2V0LWluLWluZGlhL2FtcC0xMTcwNzQ4NTY5MTY1MS5odG1s,"IGX, Acme to develop green hydrogen, ammonia market in India | Mint","Fri, 09 Feb 2024 13:40:44 GMT"
A scalable photoelectrochemical system for green hydrogen production - Tech Xplore,https://news.google.com/rss/articles/CBMiYGh0dHBzOi8vdGVjaHhwbG9yZS5jb20vbmV3cy8yMDI0LTAyLXNjYWxhYmxlLXBob3RvZWxlY3Ryb2NoZW1pY2FsLWdyZWVuLWh5ZHJvZ2VuLXByb2R1Y3Rpb24uaHRtbNIBX2h0dHBzOi8vdGVjaHhwbG9yZS5jb20vbmV3cy8yMDI0LTAyLXNjYWxhYmxlLXBob3RvZWxlY3Ryb2NoZW1pY2FsLWdyZWVuLWh5ZHJvZ2VuLXByb2R1Y3Rpb24uYW1w?oc=5,CBMiYGh0dHBzOi8vdGVjaHhwbG9yZS5jb20vbmV3cy8yMDI0LTAyLXNjYWxhYmxlLXBob3RvZWxlY3Ryb2NoZW1pY2FsLWdyZWVuLWh5ZHJvZ2VuLXByb2R1Y3Rpb24uaHRtbNIBX2h0dHBzOi8vdGVjaHhwbG9yZS5jb20vbmV3cy8yMDI0LTAyLXNjYWxhYmxlLXBob3RvZWxlY3Ryb2NoZW1pY2FsLWdyZWVuLWh5ZHJvZ2VuLXByb2R1Y3Rpb24uYW1w,A scalable photoelectrochemical system for green hydrogen production,"Sat, 10 Feb 2024 14:00:02 GMT"
India Awards Tenders for 4.12 Lakh Tonnes of Green Hydrogen and 1500 MW Electrolyzer Manufacturing - SolarQuarter,https://news.google.com/rss/articles/CBMihwFodHRwczovL3NvbGFycXVhcnRlci5jb20vMjAyNC8wMi8wOC9pbmRpYS1hd2FyZHMtdGVuZGVycy1mb3ItNC0xMi1sYWtoLXRvbm5lcy1vZi1ncmVlbi1oeWRyb2dlbi1hbmQtMTUwMC1tdy1lbGVjdHJvbHl6ZXItbWFudWZhY3R1cmluZy_SAQA?oc=5,CBMihwFodHRwczovL3NvbGFycXVhcnRlci5jb20vMjAyNC8wMi8wOC9pbmRpYS1hd2FyZHMtdGVuZGVycy1mb3ItNC0xMi1sYWtoLXRvbm5lcy1vZi1ncmVlbi1oeWRyb2dlbi1hbmQtMTUwMC1tdy1lbGVjdHJvbHl6ZXItbWFudWZhY3R1cmluZy_SAQA,India Awards Tenders for 4.12 Lakh Tonnes of Green Hydrogen and 1500 MW Electrolyzer Manufacturing,"Thu, 08 Feb 2024 11:24:20 GMT"
"L&T, Matrix chosen for green hydrogen scheme after Jindal India pulls out | Mint - Mint",https://news.google.com/rss/articles/CBMifmh0dHBzOi8vd3d3LmxpdmVtaW50LmNvbS9jb21wYW5pZXMvbHQtbWF0cml4LWNob3Nlbi1mb3ItZ3JlZW4taHlkcm9nZW4tc2NoZW1lLWFmdGVyLWppbmRhbC1pbmRpYS1wdWxscy1vdXQtMTE3MDc0NTg4MDY5MjguaHRtbNIBggFodHRwczovL3d3dy5saXZlbWludC5jb20vY29tcGFuaWVzL2x0LW1hdHJpeC1jaG9zZW4tZm9yLWdyZWVuLWh5ZHJvZ2VuLXNjaGVtZS1hZnRlci1qaW5kYWwtaW5kaWEtcHVsbHMtb3V0L2FtcC0xMTcwNzQ1ODgwNjkyOC5odG1s?oc=5,CBMifmh0dHBzOi8vd3d3LmxpdmVtaW50LmNvbS9jb21wYW5pZXMvbHQtbWF0cml4LWNob3Nlbi1mb3ItZ3JlZW4taHlkcm9nZW4tc2NoZW1lLWFmdGVyLWppbmRhbC1pbmRpYS1wdWxscy1vdXQtMTE3MDc0NTg4MDY5MjguaHRtbNIBggFodHRwczovL3d3dy5saXZlbWludC5jb20vY29tcGFuaWVzL2x0LW1hdHJpeC1jaG9zZW4tZm9yLWdyZWVuLWh5ZHJvZ2VuLXNjaGVtZS1hZnRlci1qaW5kYWwtaW5kaWEtcHVsbHMtb3V0L2FtcC0xMTcwNzQ1ODgwNjkyOC5odG1s,"L&T, Matrix chosen for green hydrogen scheme after Jindal India pulls out | Mint","Fri, 09 Feb 2024 06:17:12 GMT"
Uttar Pradesh’s Green Hydrogen Initiative Targets 1 million tonne capacity and 1.2 Lakh Jobs - Adda247,https://news.google.com/rss/articles/CBMif2h0dHBzOi8vY3VycmVudGFmZmFpcnMuYWRkYTI0Ny5jb20vdXR0YXItcHJhZGVzaHMtZ3JlZW4taHlkcm9nZW4taW5pdGlhdGl2ZS10YXJnZXRzLTEtbWlsbGlvbi10b25uZS1jYXBhY2l0eS1hbmQtMS0yLWxha2gtam9icy_SAYMBaHR0cHM6Ly9jdXJyZW50YWZmYWlycy5hZGRhMjQ3LmNvbS91dHRhci1wcmFkZXNocy1ncmVlbi1oeWRyb2dlbi1pbml0aWF0aXZlLXRhcmdldHMtMS1taWxsaW9uLXRvbm5lLWNhcGFjaXR5LWFuZC0xLTItbGFraC1qb2JzL2FtcC8?oc=5,CBMif2h0dHBzOi8vY3VycmVudGFmZmFpcnMuYWRkYTI0Ny5jb20vdXR0YXItcHJhZGVzaHMtZ3JlZW4taHlkcm9nZW4taW5pdGlhdGl2ZS10YXJnZXRzLTEtbWlsbGlvbi10b25uZS1jYXBhY2l0eS1hbmQtMS0yLWxha2gtam9icy_SAYMBaHR0cHM6Ly9jdXJyZW50YWZmYWlycy5hZGRhMjQ3LmNvbS91dHRhci1wcmFkZXNocy1ncmVlbi1oeWRyb2dlbi1pbml0aWF0aXZlLXRhcmdldHMtMS1taWxsaW9uLXRvbm5lLWNhcGFjaXR5LWFuZC0xLTItbGFraC1qb2JzL2FtcC8,Uttar Pradesh’s Green Hydrogen Initiative Targets 1 million tonne capacity and 1.2 Lakh Jobs,"Sat, 10 Feb 2024 04:28:08 GMT"
Govt crafts policy to boost green hydrogen for round-the-clock renewable energy - ETEnergyWorld,https://news.google.com/rss/articles/CBMilAFodHRwczovL2VuZXJneS5lY29ub21pY3RpbWVzLmluZGlhdGltZXMuY29tL25ld3MvcmVuZXdhYmxlL2dvdnQtY3JhZnRzLXBvbGljeS10by1ib29zdC1ncmVlbi1oeWRyb2dlbi1mb3Itcm91bmQtdGhlLWNsb2NrLXJlbmV3YWJsZS1lbmVyZ3kvMTA3NTA4MTY20gEA?oc=5,CBMilAFodHRwczovL2VuZXJneS5lY29ub21pY3RpbWVzLmluZGlhdGltZXMuY29tL25ld3MvcmVuZXdhYmxlL2dvdnQtY3JhZnRzLXBvbGljeS10by1ib29zdC1ncmVlbi1oeWRyb2dlbi1mb3Itcm91bmQtdGhlLWNsb2NrLXJlbmV3YWJsZS1lbmVyZ3kvMTA3NTA4MTY20gEA,Govt crafts policy to boost green hydrogen for round-the-clock renewable energy,"Thu, 08 Feb 2024 02:44:11 GMT"
"ACME Group, IGX sign MoU to boost green hydrogen, ammonia market in India - ETEnergyWorld",https://news.google.com/rss/articles/CBMijAFodHRwczovL2VuZXJneS5lY29ub21pY3RpbWVzLmluZGlhdGltZXMuY29tL25ld3MvcmVuZXdhYmxlL2FjbWUtZ3JvdXAtaWd4LXNpZ24tbW91LXRvLWJvb3N0LWdyZWVuLWh5ZHJvZ2VuLWFtbW9uaWEtbWFya2V0LWluLWluZGlhLzEwNzU3MjMzNdIBAA?oc=5,CBMijAFodHRwczovL2VuZXJneS5lY29ub21pY3RpbWVzLmluZGlhdGltZXMuY29tL25ld3MvcmVuZXdhYmxlL2FjbWUtZ3JvdXAtaWd4LXNpZ24tbW91LXRvLWJvb3N0LWdyZWVuLWh5ZHJvZ2VuLWFtbW9uaWEtbWFya2V0LWluLWluZGlhLzEwNzU3MjMzNdIBAA,"ACME Group, IGX sign MoU to boost green hydrogen, ammonia market in India","Sat, 10 Feb 2024 03:18:57 GMT"
"ACME Group, IGX tie up to explore collaborations for green hydrogen, ammonia projects - ETAuto",https://news.google.com/rss/articles/CBMilQFodHRwczovL2F1dG8uZWNvbm9taWN0aW1lcy5pbmRpYXRpbWVzLmNvbS9uZXdzL2luZHVzdHJ5L2FjbWUtZ3JvdXAtaWd4LXRpZS11cC10by1leHBsb3JlLWNvbGxhYm9yYXRpb25zLWZvci1ncmVlbi1oeWRyb2dlbi1hbW1vbmlhLXByb2plY3RzLzEwNzU3Njk0OdIBmQFodHRwczovL2F1dG8uZWNvbm9taWN0aW1lcy5pbmRpYXRpbWVzLmNvbS9hbXAvbmV3cy9pbmR1c3RyeS9hY21lLWdyb3VwLWlneC10aWUtdXAtdG8tZXhwbG9yZS1jb2xsYWJvcmF0aW9ucy1mb3ItZ3JlZW4taHlkcm9nZW4tYW1tb25pYS1wcm9qZWN0cy8xMDc1NzY5NDk?oc=5,CBMilQFodHRwczovL2F1dG8uZWNvbm9taWN0aW1lcy5pbmRpYXRpbWVzLmNvbS9uZXdzL2luZHVzdHJ5L2FjbWUtZ3JvdXAtaWd4LXRpZS11cC10by1leHBsb3JlLWNvbGxhYm9yYXRpb25zLWZvci1ncmVlbi1oeWRyb2dlbi1hbW1vbmlhLXByb2plY3RzLzEwNzU3Njk0OdIBmQFodHRwczovL2F1dG8uZWNvbm9taWN0aW1lcy5pbmRpYXRpbWVzLmNvbS9hbXAvbmV3cy9pbmR1c3RyeS9hY21lLWdyb3VwLWlneC10aWUtdXAtdG8tZXhwbG9yZS1jb2xsYWJvcmF0aW9ucy1mb3ItZ3JlZW4taHlkcm9nZW4tYW1tb25pYS1wcm9qZWN0cy8xMDc1NzY5NDk,"ACME Group, IGX tie up to explore collaborations for green hydrogen, ammonia projects","Sat, 10 Feb 2024 12:31:00 GMT"
'Green hydrogen is facing resistance in the developing world because almost all of it would be exported to rich ... - Hydrogen Insight,https://news.google.com/rss/articles/CBMisgFodHRwczovL3d3dy5oeWRyb2dlbmluc2lnaHQuY29tL3Byb2R1Y3Rpb24vZ3JlZW4taHlkcm9nZW4taXMtZmFjaW5nLXJlc2lzdGFuY2UtaW4tdGhlLWRldmVsb3Bpbmctd29ybGQtYmVjYXVzZS1hbG1vc3QtYWxsLW9mLWl0LXdvdWxkLWJlLWV4cG9ydGVkLXRvLXJpY2gtY291bnRyaWVzLXVuLzItMS0xNTk1NTA40gEA?oc=5,CBMisgFodHRwczovL3d3dy5oeWRyb2dlbmluc2lnaHQuY29tL3Byb2R1Y3Rpb24vZ3JlZW4taHlkcm9nZW4taXMtZmFjaW5nLXJlc2lzdGFuY2UtaW4tdGhlLWRldmVsb3Bpbmctd29ybGQtYmVjYXVzZS1hbG1vc3QtYWxsLW9mLWl0LXdvdWxkLWJlLWV4cG9ydGVkLXRvLXJpY2gtY291bnRyaWVzLXVuLzItMS0xNTk1NTA40gEA,'Green hydrogen is facing resistance in the developing world because almost all of it would be exported to rich ...,"Thu, 08 Feb 2024 08:31:00 GMT"
India unveils ambitious green hydrogen mission with tenders for production and electrolyzer manufacturing - Manufacturing Today India,https://news.google.com/rss/articles/CBMimQFodHRwczovL3d3dy5tYW51ZmFjdHVyaW5ndG9kYXlpbmRpYS5jb20vc2VjdG9ycy9pbmRpYS11bnZlaWxzLWFtYml0aW91cy1ncmVlbi1oeWRyb2dlbi1taXNzaW9uLXdpdGgtdGVuZGVycy1mb3ItcHJvZHVjdGlvbi1hbmQtZWxlY3Ryb2x5emVyLW1hbnVmYWN0dXJpbmfSAQA?oc=5,CBMimQFodHRwczovL3d3dy5tYW51ZmFjdHVyaW5ndG9kYXlpbmRpYS5jb20vc2VjdG9ycy9pbmRpYS11bnZlaWxzLWFtYml0aW91cy1ncmVlbi1oeWRyb2dlbi1taXNzaW9uLXdpdGgtdGVuZGVycy1mb3ItcHJvZHVjdGlvbi1hbmQtZWxlY3Ryb2x5emVyLW1hbnVmYWN0dXJpbmfSAQA,India unveils ambitious green hydrogen mission with tenders for production and electrolyzer manufacturing,"Sat, 10 Feb 2024 16:02:10 GMT"
Uttar Pradesh Targets Green Hydrogen Revolution - Indian PSU,https://news.google.com/rss/articles/CBMiRmh0dHBzOi8vaW5kaWFucHN1LmNvbS91dHRhci1wcmFkZXNoLXRhcmdldHMtZ3JlZW4taHlkcm9nZW4tcmV2b2x1dGlvbi_SAQA?oc=5,CBMiRmh0dHBzOi8vaW5kaWFucHN1LmNvbS91dHRhci1wcmFkZXNoLXRhcmdldHMtZ3JlZW4taHlkcm9nZW4tcmV2b2x1dGlvbi_SAQA,Uttar Pradesh Targets Green Hydrogen Revolution,"Sat, 10 Feb 2024 12:16:43 GMT"
Karnataka government to facilitate development of green hydrogen capacity - Deccan Herald,https://news.google.com/rss/articles/CBMifmh0dHBzOi8vd3d3LmRlY2NhbmhlcmFsZC5jb20vaW5kaWEva2FybmF0YWthL2thcm5hdGFrYS1nb3Zlcm5tZW50LXRvLWZhY2lsaXRhdGUtZGV2ZWxvcG1lbnQtb2YtZ3JlZW4taHlkcm9nZW4tY2FwYWNpdHktMjg4ODc2NtIBAA?oc=5,CBMifmh0dHBzOi8vd3d3LmRlY2NhbmhlcmFsZC5jb20vaW5kaWEva2FybmF0YWthL2thcm5hdGFrYS1nb3Zlcm5tZW50LXRvLWZhY2lsaXRhdGUtZGV2ZWxvcG1lbnQtb2YtZ3JlZW4taHlkcm9nZW4tY2FwYWNpdHktMjg4ODc2NtIBAA,Karnataka government to facilitate development of green hydrogen capacity,"Fri, 09 Feb 2024 21:55:30 GMT"
"Government releases guidelines, allocates Rs 455 crore for green hydrogen pilot projects in steel sector - Down To Earth Magazine",https://news.google.com/rss/articles/CBMimAFodHRwczovL3d3dy5kb3dudG9lYXJ0aC5vcmcuaW4vbmV3cy9lbmVyZ3kvZ292ZXJubWVudC1yZWxlYXNlcy1ndWlkZWxpbmVzLWFsbG9jYXRlcy1ycy00NTUtY3JvcmUtZm9yLWdyZWVuLWh5ZHJvZ2VuLXBpbG90LXByb2plY3RzLWluLXN0ZWVsLXNlY3Rvci05NDM2OdIBAA?oc=5,CBMimAFodHRwczovL3d3dy5kb3dudG9lYXJ0aC5vcmcuaW4vbmV3cy9lbmVyZ3kvZ292ZXJubWVudC1yZWxlYXNlcy1ndWlkZWxpbmVzLWFsbG9jYXRlcy1ycy00NTUtY3JvcmUtZm9yLWdyZWVuLWh5ZHJvZ2VuLXBpbG90LXByb2plY3RzLWluLXN0ZWVsLXNlY3Rvci05NDM2OdIBAA,"Government releases guidelines, allocates Rs 455 crore for green hydrogen pilot projects in steel sector","Fri, 09 Feb 2024 12:00:46 GMT"
Centre working to promote use of green hydrogen for providing round-the-clock green energy - IndiaTimes,https://news.google.com/rss/articles/CBMilQFodHRwczovL20udGltZXNvZmluZGlhLmNvbS9pbmRpYS9jZW50cmUtd29ya2luZy10by1wcm9tb3RlLXVzZS1vZi1ncmVlbi1oeWRyb2dlbi1mb3ItcHJvdmlkaW5nLXJvdW5kLXRoZS1jbG9jay1ncmVlbi1lbmVyZ3kvYXJ0aWNsZXNob3cvMTA3NDg2MzU3LmNtc9IBmQFodHRwczovL20udGltZXNvZmluZGlhLmNvbS9pbmRpYS9jZW50cmUtd29ya2luZy10by1wcm9tb3RlLXVzZS1vZi1ncmVlbi1oeWRyb2dlbi1mb3ItcHJvdmlkaW5nLXJvdW5kLXRoZS1jbG9jay1ncmVlbi1lbmVyZ3kvYW1wX2FydGljbGVzaG93LzEwNzQ4NjM1Ny5jbXM?oc=5,CBMilQFodHRwczovL20udGltZXNvZmluZGlhLmNvbS9pbmRpYS9jZW50cmUtd29ya2luZy10by1wcm9tb3RlLXVzZS1vZi1ncmVlbi1oeWRyb2dlbi1mb3ItcHJvdmlkaW5nLXJvdW5kLXRoZS1jbG9jay1ncmVlbi1lbmVyZ3kvYXJ0aWNsZXNob3cvMTA3NDg2MzU3LmNtc9IBmQFodHRwczovL20udGltZXNvZmluZGlhLmNvbS9pbmRpYS9jZW50cmUtd29ya2luZy10by1wcm9tb3RlLXVzZS1vZi1ncmVlbi1oeWRyb2dlbi1mb3ItcHJvdmlkaW5nLXJvdW5kLXRoZS1jbG9jay1ncmVlbi1lbmVyZ3kvYW1wX2FydGljbGVzaG93LzEwNzQ4NjM1Ny5jbXM,Centre working to promote use of green hydrogen for providing round-the-clock green energy,"Wed, 07 Feb 2024 09:11:00 GMT"
Govt weighs use of green hydrogen for peak power generation - domain-b.com: The first online Indian business magazine,https://news.google.com/rss/articles/CBMiYmh0dHBzOi8vd3d3LmRvbWFpbi1iLmNvbS9lbnZpcm9ubWVudC0xL2dvdnQtd2VpZ2hzLXVzZS1vZi1ncmVlbi1oeWRyb2dlbi1mb3ItcGVhay1wb3dlci1nZW5lcmF0aW9u0gEA?oc=5,CBMiYmh0dHBzOi8vd3d3LmRvbWFpbi1iLmNvbS9lbnZpcm9ubWVudC0xL2dvdnQtd2VpZ2hzLXVzZS1vZi1ncmVlbi1oeWRyb2dlbi1mb3ItcGVhay1wb3dlci1nZW5lcmF0aW9u0gEA,Govt weighs use of green hydrogen for peak power generation,"Sat, 10 Feb 2024 14:14:08 GMT"
Govt devising policies to boost green hydrogen for round-the-clock RE - Business Standard,https://news.google.com/rss/articles/CBMihgFodHRwczovL3d3dy5idXNpbmVzcy1zdGFuZGFyZC5jb20vaW5kaWEtbmV3cy9nb3Z0LWRldmlzaW5nLXBvbGljaWVzLXRvLWJvb3N0LWdyZWVuLWh5ZHJvZ2VuLWZvci1yb3VuZC10aGUtY2xvY2stcmUtMTI0MDIwNzAwNDg2XzEuaHRtbNIBigFodHRwczovL3d3dy5idXNpbmVzcy1zdGFuZGFyZC5jb20vYW1wL2luZGlhLW5ld3MvZ292dC1kZXZpc2luZy1wb2xpY2llcy10by1ib29zdC1ncmVlbi1oeWRyb2dlbi1mb3Itcm91bmQtdGhlLWNsb2NrLXJlLTEyNDAyMDcwMDQ4Nl8xLmh0bWw?oc=5,CBMihgFodHRwczovL3d3dy5idXNpbmVzcy1zdGFuZGFyZC5jb20vaW5kaWEtbmV3cy9nb3Z0LWRldmlzaW5nLXBvbGljaWVzLXRvLWJvb3N0LWdyZWVuLWh5ZHJvZ2VuLWZvci1yb3VuZC10aGUtY2xvY2stcmUtMTI0MDIwNzAwNDg2XzEuaHRtbNIBigFodHRwczovL3d3dy5idXNpbmVzcy1zdGFuZGFyZC5jb20vYW1wL2luZGlhLW5ld3MvZ292dC1kZXZpc2luZy1wb2xpY2llcy10by1ib29zdC1ncmVlbi1oeWRyb2dlbi1mb3Itcm91bmQtdGhlLWNsb2NrLXJlLTEyNDAyMDcwMDQ4Nl8xLmh0bWw,Govt devising policies to boost green hydrogen for round-the-clock RE,"Wed, 07 Feb 2024 07:48:40 GMT"
Union Minister RK Singh chairs meeting on promoting green hydrogen use - DD News,https://news.google.com/rss/articles/CBMibGh0dHBzOi8vZGRuZXdzLmdvdi5pbi90cmFuc2Zvcm1pbmctaW5kaWEvdW5pb24tbWluaXN0ZXItcmstc2luZ2gtY2hhaXJzLW1lZXRpbmctcHJvbW90aW5nLWdyZWVuLWh5ZHJvZ2VuLXVzZdIBAA?oc=5,CBMibGh0dHBzOi8vZGRuZXdzLmdvdi5pbi90cmFuc2Zvcm1pbmctaW5kaWEvdW5pb24tbWluaXN0ZXItcmstc2luZ2gtY2hhaXJzLW1lZXRpbmctcHJvbW90aW5nLWdyZWVuLWh5ZHJvZ2VuLXVzZdIBAA,Union Minister RK Singh chairs meeting on promoting green hydrogen use,"Wed, 07 Feb 2024 08:09:00 GMT"
Government unveils pilot projects harnessing Green Hydrogen for industrial transformation - Elets eGov - Elets,https://news.google.com/rss/articles/CBMif2h0dHBzOi8vZWdvdi5lbGV0c29ubGluZS5jb20vMjAyNC8wMi9nb3Zlcm5tZW50LXVudmVpbHMtcGlsb3QtcHJvamVjdHMtaGFybmVzc2luZy1ncmVlbi1oeWRyb2dlbi1mb3ItaW5kdXN0cmlhbC10cmFuc2Zvcm1hdGlvbi_SAQA?oc=5,CBMif2h0dHBzOi8vZWdvdi5lbGV0c29ubGluZS5jb20vMjAyNC8wMi9nb3Zlcm5tZW50LXVudmVpbHMtcGlsb3QtcHJvamVjdHMtaGFybmVzc2luZy1ncmVlbi1oeWRyb2dlbi1mb3ItaW5kdXN0cmlhbC10cmFuc2Zvcm1hdGlvbi_SAQA,Government unveils pilot projects harnessing Green Hydrogen for industrial transformation - Elets eGov,"Wed, 07 Feb 2024 12:20:59 GMT"
India's Plans to Achieve Cost-Effective Green Hydrogen Production - India Briefing,https://news.google.com/rss/articles/CBMiamh0dHBzOi8vd3d3LmluZGlhLWJyaWVmaW5nLmNvbS9uZXdzL2luZGlhLXN0cml2ZXMtZm9yLWNvc3QtZWZmZWN0aXZlLWdyZWVuLWh5ZHJvZ2VuLXByb2R1Y3Rpb24tMzA4NzYuaHRtbC_SAQA?oc=5,CBMiamh0dHBzOi8vd3d3LmluZGlhLWJyaWVmaW5nLmNvbS9uZXdzL2luZGlhLXN0cml2ZXMtZm9yLWNvc3QtZWZmZWN0aXZlLWdyZWVuLWh5ZHJvZ2VuLXByb2R1Y3Rpb24tMzA4NzYuaHRtbC_SAQA,India's Plans to Achieve Cost-Effective Green Hydrogen Production,"Fri, 26 Jan 2024 08:00:00 GMT"
MNRE working on policy mechanism to promote green hydrogen for RTC renewable energy supply - Power Line ... - Power Line Magazine,https://news.google.com/rss/articles/CBMif2h0dHBzOi8vcG93ZXJsaW5lLm5ldC5pbi8yMDI0LzAyLzA4L21ucmUtd29ya2luZy1vbi1wb2xpY3ktbWVjaGFuaXNtLXRvLXByb21vdGUtZ3JlZW4taHlkcm9nZW4tZm9yLXJ0Yy1yZW5ld2FibGUtZW5lcmd5LXN1cHBseS_SAQA?oc=5,CBMif2h0dHBzOi8vcG93ZXJsaW5lLm5ldC5pbi8yMDI0LzAyLzA4L21ucmUtd29ya2luZy1vbi1wb2xpY3ktbWVjaGFuaXNtLXRvLXByb21vdGUtZ3JlZW4taHlkcm9nZW4tZm9yLXJ0Yy1yZW5ld2FibGUtZW5lcmd5LXN1cHBseS_SAQA,MNRE working on policy mechanism to promote green hydrogen for RTC renewable energy supply - Power Line ...,"Thu, 08 Feb 2024 04:50:48 GMT"
Govt allocates Rs 455 crore for green hydrogen pilot projects in steel sector - ETEnergyWorld,https://news.google.com/rss/articles/CBMiiQFodHRwczovL2VuZXJneS5lY29ub21pY3RpbWVzLmluZGlhdGltZXMuY29tL25ld3MvcmVuZXdhYmxlL2dvdnQtYWxsb2NhdGVzLXJzLTQ1NS1jcm9yZS1mb3ItZ3JlZW4taHlkcm9nZW4tdXNhZ2UtaW4tc3RlZWwtc2VjdG9yLzEwNzQyOTMxNNIBAA?oc=5,CBMiiQFodHRwczovL2VuZXJneS5lY29ub21pY3RpbWVzLmluZGlhdGltZXMuY29tL25ld3MvcmVuZXdhYmxlL2dvdnQtYWxsb2NhdGVzLXJzLTQ1NS1jcm9yZS1mb3ItZ3JlZW4taHlkcm9nZW4tdXNhZ2UtaW4tc3RlZWwtc2VjdG9yLzEwNzQyOTMxNNIBAA,Govt allocates Rs 455 crore for green hydrogen pilot projects in steel sector,"Mon, 05 Feb 2024 11:23:34 GMT"
"India Energy Week: Modi says nation set to become green hydrogen production, export hub - Moneycontrol",https://news.google.com/rss/articles/CBMijgFodHRwczovL3d3dy5tb25leWNvbnRyb2wuY29tL25ld3MvYnVzaW5lc3MvaW5kaWEtZW5lcmd5LXdlZWstbW9kaS1zYXlzLW5hdGlvbi1zZXQtdG8tYmVjb21lLWdyZWVuLWh5ZHJvZ2VuLXByb2R1Y3Rpb24tZXhwb3J0LWh1Yi0xMjIwMjQ5MS5odG1s0gGSAWh0dHBzOi8vd3d3Lm1vbmV5Y29udHJvbC5jb20vbmV3cy9idXNpbmVzcy9pbmRpYS1lbmVyZ3ktd2Vlay1tb2RpLXNheXMtbmF0aW9uLXNldC10by1iZWNvbWUtZ3JlZW4taHlkcm9nZW4tcHJvZHVjdGlvbi1leHBvcnQtaHViLTEyMjAyNDkxLmh0bWwvYW1w?oc=5,CBMijgFodHRwczovL3d3dy5tb25leWNvbnRyb2wuY29tL25ld3MvYnVzaW5lc3MvaW5kaWEtZW5lcmd5LXdlZWstbW9kaS1zYXlzLW5hdGlvbi1zZXQtdG8tYmVjb21lLWdyZWVuLWh5ZHJvZ2VuLXByb2R1Y3Rpb24tZXhwb3J0LWh1Yi0xMjIwMjQ5MS5odG1s0gGSAWh0dHBzOi8vd3d3Lm1vbmV5Y29udHJvbC5jb20vbmV3cy9idXNpbmVzcy9pbmRpYS1lbmVyZ3ktd2Vlay1tb2RpLXNheXMtbmF0aW9uLXNldC10by1iZWNvbWUtZ3JlZW4taHlkcm9nZW4tcHJvZHVjdGlvbi1leHBvcnQtaHViLTEyMjAyNDkxLmh0bWwvYW1w,"India Energy Week: Modi says nation set to become green hydrogen production, export hub","Tue, 06 Feb 2024 08:02:20 GMT"
India Aims for Global Green Hydrogen Leadership with R&D Push - Asia Pacific - Energetica India ,https://news.google.com/rss/articles/CBMiYmh0dHBzOi8vd3d3LmVuZXJnZXRpY2EtaW5kaWEubmV0L25ld3MvaW5kaWEtYWltcy1mb3ItZ2xvYmFsLWdyZWVuLWh5ZHJvZ2VuLWxlYWRlcnNoaXAtd2l0aC1yZC1wdXNo0gEA?oc=5,CBMiYmh0dHBzOi8vd3d3LmVuZXJnZXRpY2EtaW5kaWEubmV0L25ld3MvaW5kaWEtYWltcy1mb3ItZ2xvYmFsLWdyZWVuLWh5ZHJvZ2VuLWxlYWRlcnNoaXAtd2l0aC1yZC1wdXNo0gEA,India Aims for Global Green Hydrogen Leadership with R&D Push - Asia Pacific,"Fri, 09 Feb 2024 08:21:59 GMT"
Wood selected as owner's engineer for world-leading green hydrogen project in Spain | Wood - Wood Group,https://news.google.com/rss/articles/CBMiigFodHRwczovL3d3dy53b29kcGxjLmNvbS9uZXdzL2xhdGVzdC1wcmVzcy1yZWxlYXNlcy8yMDI0L3dvb2Qtc2VsZWN0ZWQtYXMtb3duZXJzLWVuZ2luZWVyLWZvci13b3JsZC1sZWFkaW5nLWdyZWVuLWh5ZHJvZ2VuLXByb2plY3QtaW4tc3BhaW7SAQA?oc=5,CBMiigFodHRwczovL3d3dy53b29kcGxjLmNvbS9uZXdzL2xhdGVzdC1wcmVzcy1yZWxlYXNlcy8yMDI0L3dvb2Qtc2VsZWN0ZWQtYXMtb3duZXJzLWVuZ2luZWVyLWZvci13b3JsZC1sZWFkaW5nLWdyZWVuLWh5ZHJvZ2VuLXByb2plY3QtaW4tc3BhaW7SAQA,Wood selected as owner's engineer for world-leading green hydrogen project in Spain | Wood,"Thu, 08 Feb 2024 08:09:26 GMT"
"Flagship Climate Impulse project targets non-stop, green hydrogen-powered flight - CompositesWorld",https://news.google.com/rss/articles/CBMidGh0dHBzOi8vd3d3LmNvbXBvc2l0ZXN3b3JsZC5jb20vbmV3cy9mbGFnc2hpcC1jbGltYXRlLWltcHVsc2UtcHJvamVjdC10YXJnZXRzLW5vbi1zdG9wLWdyZWVuLWh5ZHJvZ2VuLXBvd2VyZWQtZmxpZ2h00gEA?oc=5,CBMidGh0dHBzOi8vd3d3LmNvbXBvc2l0ZXN3b3JsZC5jb20vbmV3cy9mbGFnc2hpcC1jbGltYXRlLWltcHVsc2UtcHJvamVjdC10YXJnZXRzLW5vbi1zdG9wLWdyZWVuLWh5ZHJvZ2VuLXBvd2VyZWQtZmxpZ2h00gEA,"Flagship Climate Impulse project targets non-stop, green hydrogen-powered flight","Fri, 09 Feb 2024 17:09:42 GMT"
India's first green hydrogen fuel cell bus showcased during India Energy Week - Moneycontrol,https://news.google.com/rss/articles/CBMihQFodHRwczovL3d3dy5tb25leWNvbnRyb2wuY29tL25ld3MvYnVzaW5lc3MvaW5kaWFzLWZpcnN0LWdyZWVuLWh5ZHJvZ2VuLWZ1ZWwtY2VsbC1idXMtc2hvd2Nhc2VkLWR1cmluZy1pbmRpYS1lbmVyZ3ktd2Vlay0xMjIwNjU2MS5odG1s0gGJAWh0dHBzOi8vd3d3Lm1vbmV5Y29udHJvbC5jb20vbmV3cy9idXNpbmVzcy9pbmRpYXMtZmlyc3QtZ3JlZW4taHlkcm9nZW4tZnVlbC1jZWxsLWJ1cy1zaG93Y2FzZWQtZHVyaW5nLWluZGlhLWVuZXJneS13ZWVrLTEyMjA2NTYxLmh0bWwvYW1w?oc=5,CBMihQFodHRwczovL3d3dy5tb25leWNvbnRyb2wuY29tL25ld3MvYnVzaW5lc3MvaW5kaWFzLWZpcnN0LWdyZWVuLWh5ZHJvZ2VuLWZ1ZWwtY2VsbC1idXMtc2hvd2Nhc2VkLWR1cmluZy1pbmRpYS1lbmVyZ3ktd2Vlay0xMjIwNjU2MS5odG1s0gGJAWh0dHBzOi8vd3d3Lm1vbmV5Y29udHJvbC5jb20vbmV3cy9idXNpbmVzcy9pbmRpYXMtZmlyc3QtZ3JlZW4taHlkcm9nZW4tZnVlbC1jZWxsLWJ1cy1zaG93Y2FzZWQtZHVyaW5nLWluZGlhLWVuZXJneS13ZWVrLTEyMjA2NTYxLmh0bWwvYW1w,India's first green hydrogen fuel cell bus showcased during India Energy Week,"Tue, 06 Feb 2024 14:50:04 GMT"
IGX and ACME Sign MoU on Developing Green Hydrogen and Ammonia Market in India - Asia Pacific - Energetica India ,https://news.google.com/rss/articles/CBMidGh0dHBzOi8vd3d3LmVuZXJnZXRpY2EtaW5kaWEubmV0L25ld3MvaWd4LWFuZC1hY21lLXNpZ24tbW91LW9uLWRldmVsb3BpbmctZ3JlZW4taHlkcm9nZW4tYW5kLWFtbW9uaWEtbWFya2V0LWluLWluZGlh0gEA?oc=5,CBMidGh0dHBzOi8vd3d3LmVuZXJnZXRpY2EtaW5kaWEubmV0L25ld3MvaWd4LWFuZC1hY21lLXNpZ24tbW91LW9uLWRldmVsb3BpbmctZ3JlZW4taHlkcm9nZW4tYW5kLWFtbW9uaWEtbWFya2V0LWluLWluZGlh0gEA,IGX and ACME Sign MoU on Developing Green Hydrogen and Ammonia Market in India - Asia Pacific,"Sat, 10 Feb 2024 06:13:05 GMT"
Advancing India's Green Hydrogen Revolution | India's first News Website on Projects Investment - Projects Monitor,https://news.google.com/rss/articles/CBMiVmh0dHBzOi8vd3d3LnByb2plY3RzbW9uaXRvci5jb20vZGFpbHktd2lyZS9hZHZhbmNpbmctaW5kaWFzLWdyZWVuLWh5ZHJvZ2VuLXJldm9sdXRpb24v0gEA?oc=5,CBMiVmh0dHBzOi8vd3d3LnByb2plY3RzbW9uaXRvci5jb20vZGFpbHktd2lyZS9hZHZhbmNpbmctaW5kaWFzLWdyZWVuLWh5ZHJvZ2VuLXJldm9sdXRpb24v0gEA,Advancing India's Green Hydrogen Revolution | India's first News Website on Projects Investment,"Thu, 08 Feb 2024 04:37:16 GMT"
IIPE in Visakhapatnam launches a pilot project to produce green hydrogen using NTPC’s desalinated water - The Hindu,https://news.google.com/rss/articles/CBMirQFodHRwczovL3d3dy50aGVoaW5kdS5jb20vbmV3cy9jaXRpZXMvVmlzYWtoYXBhdG5hbS9paXBlLWluLXZpc2FraGFwYXRuYW0tbGF1bmNoZXMtYS1waWxvdC1wcm9qZWN0LXRvLXByb2R1Y2UtZ3JlZW4taHlkcm9nZW4tdXNpbmctbnRwY3MtZGVzYWxpbmF0ZWQtd2F0ZXIvYXJ0aWNsZTY3ODExMjUwLmVjZdIBsgFodHRwczovL3d3dy50aGVoaW5kdS5jb20vbmV3cy9jaXRpZXMvVmlzYWtoYXBhdG5hbS9paXBlLWluLXZpc2FraGFwYXRuYW0tbGF1bmNoZXMtYS1waWxvdC1wcm9qZWN0LXRvLXByb2R1Y2UtZ3JlZW4taHlkcm9nZW4tdXNpbmctbnRwY3MtZGVzYWxpbmF0ZWQtd2F0ZXIvYXJ0aWNsZTY3ODExMjUwLmVjZS9hbXAv?oc=5,CBMirQFodHRwczovL3d3dy50aGVoaW5kdS5jb20vbmV3cy9jaXRpZXMvVmlzYWtoYXBhdG5hbS9paXBlLWluLXZpc2FraGFwYXRuYW0tbGF1bmNoZXMtYS1waWxvdC1wcm9qZWN0LXRvLXByb2R1Y2UtZ3JlZW4taHlkcm9nZW4tdXNpbmctbnRwY3MtZGVzYWxpbmF0ZWQtd2F0ZXIvYXJ0aWNsZTY3ODExMjUwLmVjZdIBsgFodHRwczovL3d3dy50aGVoaW5kdS5jb20vbmV3cy9jaXRpZXMvVmlzYWtoYXBhdG5hbS9paXBlLWluLXZpc2FraGFwYXRuYW0tbGF1bmNoZXMtYS1waWxvdC1wcm9qZWN0LXRvLXByb2R1Y2UtZ3JlZW4taHlkcm9nZW4tdXNpbmctbnRwY3MtZGVzYWxpbmF0ZWQtd2F0ZXIvYXJ0aWNsZTY3ODExMjUwLmVjZS9hbXAv,IIPE in Visakhapatnam launches a pilot project to produce green hydrogen using NTPC’s desalinated water,"Sun, 04 Feb 2024 19:15:00 GMT"
The Hydrogen Stream: India working on policy mechanism to promote use of green hydrogen for providing round-the ... - pv magazine India,https://news.google.com/rss/articles/CBMiswFodHRwczovL3d3dy5wdi1tYWdhemluZS1pbmRpYS5jb20vMjAyNC8wMi8wNy90aGUtaHlkcm9nZW4tc3RyZWFtLWluZGlhLXdvcmtpbmctb24tcG9saWN5LW1lY2hhbmlzbS10by1wcm9tb3RlLXVzZS1vZi1ncmVlbi1oeWRyb2dlbi1mb3ItcHJvdmlkaW5nLXJvdW5kLXRoZS1jbG9jay1yZW5ld2FibGUtZW5lcmd5L9IBAA?oc=5,CBMiswFodHRwczovL3d3dy5wdi1tYWdhemluZS1pbmRpYS5jb20vMjAyNC8wMi8wNy90aGUtaHlkcm9nZW4tc3RyZWFtLWluZGlhLXdvcmtpbmctb24tcG9saWN5LW1lY2hhbmlzbS10by1wcm9tb3RlLXVzZS1vZi1ncmVlbi1oeWRyb2dlbi1mb3ItcHJvdmlkaW5nLXJvdW5kLXRoZS1jbG9jay1yZW5ld2FibGUtZW5lcmd5L9IBAA,The Hydrogen Stream: India working on policy mechanism to promote use of green hydrogen for providing round-the ...,"Wed, 07 Feb 2024 07:00:28 GMT"
India Accelerates Green Hydrogen Mission with Major Tender Awards and Policy Rollouts - Asia Pacific - Energetica India ,https://news.google.com/rss/articles/CBMie2h0dHBzOi8vd3d3LmVuZXJnZXRpY2EtaW5kaWEubmV0L25ld3MvaW5kaWEtYWNjZWxlcmF0ZXMtZ3JlZW4taHlkcm9nZW4tbWlzc2lvbi13aXRoLW1ham9yLXRlbmRlci1hd2FyZHMtYW5kLXBvbGljeS1yb2xsb3V0c9IBAA?oc=5,CBMie2h0dHBzOi8vd3d3LmVuZXJnZXRpY2EtaW5kaWEubmV0L25ld3MvaW5kaWEtYWNjZWxlcmF0ZXMtZ3JlZW4taHlkcm9nZW4tbWlzc2lvbi13aXRoLW1ham9yLXRlbmRlci1hd2FyZHMtYW5kLXBvbGljeS1yb2xsb3V0c9IBAA,India Accelerates Green Hydrogen Mission with Major Tender Awards and Policy Rollouts - Asia Pacific,"Thu, 08 Feb 2024 08:25:24 GMT"
"MC Explainer: New guidelines, challenges for using green hydrogen in steel industry - Moneycontrol",https://news.google.com/rss/articles/CBMiigFodHRwczovL3d3dy5tb25leWNvbnRyb2wuY29tL25ld3MvYnVzaW5lc3MvbWMtZXhwbGFpbmVyLW5ldy1ndWlkZWxpbmVzLWNoYWxsZW5nZXMtZm9yLXVzaW5nLWdyZWVuLWh5ZHJvZ2VuLWluLXN0ZWVsLWluZHVzdHJ5LTEyMTk0NjgxLmh0bWzSAY4BaHR0cHM6Ly93d3cubW9uZXljb250cm9sLmNvbS9uZXdzL2J1c2luZXNzL21jLWV4cGxhaW5lci1uZXctZ3VpZGVsaW5lcy1jaGFsbGVuZ2VzLWZvci11c2luZy1ncmVlbi1oeWRyb2dlbi1pbi1zdGVlbC1pbmR1c3RyeS0xMjE5NDY4MS5odG1sL2FtcA?oc=5,CBMiigFodHRwczovL3d3dy5tb25leWNvbnRyb2wuY29tL25ld3MvYnVzaW5lc3MvbWMtZXhwbGFpbmVyLW5ldy1ndWlkZWxpbmVzLWNoYWxsZW5nZXMtZm9yLXVzaW5nLWdyZWVuLWh5ZHJvZ2VuLWluLXN0ZWVsLWluZHVzdHJ5LTEyMTk0NjgxLmh0bWzSAY4BaHR0cHM6Ly93d3cubW9uZXljb250cm9sLmNvbS9uZXdzL2J1c2luZXNzL21jLWV4cGxhaW5lci1uZXctZ3VpZGVsaW5lcy1jaGFsbGVuZ2VzLWZvci11c2luZy1ncmVlbi1oeWRyb2dlbi1pbi1zdGVlbC1pbmR1c3RyeS0xMjE5NDY4MS5odG1sL2FtcA,"MC Explainer: New guidelines, challenges for using green hydrogen in steel industry","Mon, 05 Feb 2024 14:04:49 GMT"
India considers Contract for Difference subsidy for green hydrogen power plants - Hydrogen Insight,https://news.google.com/rss/articles/CBMiggFodHRwczovL3d3dy5oeWRyb2dlbmluc2lnaHQuY29tL3BvbGljeS9pbmRpYS1jb25zaWRlcnMtY29udHJhY3QtZm9yLWRpZmZlcmVuY2Utc3Vic2lkeS1mb3ItZ3JlZW4taHlkcm9nZW4tcG93ZXItcGxhbnRzLzItMS0xNTk1ODU30gEA?oc=5,CBMiggFodHRwczovL3d3dy5oeWRyb2dlbmluc2lnaHQuY29tL3BvbGljeS9pbmRpYS1jb25zaWRlcnMtY29udHJhY3QtZm9yLWRpZmZlcmVuY2Utc3Vic2lkeS1mb3ItZ3JlZW4taHlkcm9nZW4tcG93ZXItcGxhbnRzLzItMS0xNTk1ODU30gEA,India considers Contract for Difference subsidy for green hydrogen power plants,"Thu, 08 Feb 2024 10:59:00 GMT"
Daily News Wrap-Up: MNRE to Implement Green Hydrogen in Steel Industry - Mercom India,https://news.google.com/rss/articles/CBMiT2h0dHBzOi8vd3d3Lm1lcmNvbWluZGlhLmNvbS9kYWlseS1uZXdzLXdyYXAtdXAtbW5yZS10by1pbXBsZW1lbnQtZ3JlZW4taHlkcm9nZW7SAQA?oc=5,CBMiT2h0dHBzOi8vd3d3Lm1lcmNvbWluZGlhLmNvbS9kYWlseS1uZXdzLXdyYXAtdXAtbW5yZS10by1pbXBsZW1lbnQtZ3JlZW4taHlkcm9nZW7SAQA,Daily News Wrap-Up: MNRE to Implement Green Hydrogen in Steel Industry,"Tue, 06 Feb 2024 04:36:29 GMT"
Lhyfe starts work on green hydrogen plant in German port | Hub-4 - Hub 4,https://news.google.com/rss/articles/CBMiT2h0dHBzOi8vaHViLTQuY29tL25ld3MvbGh5ZmUtc3RhcnRzLXdvcmstb24tZ3JlZW4taHlkcm9nZW4tcGxhbnQtaW4tZ2VybWFuLXBvcnTSAQA?oc=5,CBMiT2h0dHBzOi8vaHViLTQuY29tL25ld3MvbGh5ZmUtc3RhcnRzLXdvcmstb24tZ3JlZW4taHlkcm9nZW4tcGxhbnQtaW4tZ2VybWFuLXBvcnTSAQA,Lhyfe starts work on green hydrogen plant in German port | Hub-4,"Sat, 10 Feb 2024 12:02:24 GMT"
5 ways to make green hydrogen available around the world | World Economic Forum - World Economic Forum,https://news.google.com/rss/articles/CBMiQ2h0dHBzOi8vd3d3LndlZm9ydW0ub3JnL2FnZW5kYS8yMDI0LzAyL2dyZWVuLWh5ZHJvZ2VuLWdsb2JhbC10cmFkZS_SAQA?oc=5,CBMiQ2h0dHBzOi8vd3d3LndlZm9ydW0ub3JnL2FnZW5kYS8yMDI0LzAyL2dyZWVuLWh5ZHJvZ2VuLWdsb2JhbC10cmFkZS_SAQA,5 ways to make green hydrogen available around the world | World Economic Forum,"Mon, 05 Feb 2024 17:30:45 GMT"
India plans green hydrogen pilot projects in shipping and steel - H2 View,https://news.google.com/rss/articles/CBMibmh0dHBzOi8vd3d3LmgyLXZpZXcuY29tL3N0b3J5L2luZGlhLXBsYW5zLWdyZWVuLWh5ZHJvZ2VuLXBpbG90LXByb2plY3RzLWluLXNoaXBwaW5nLWFuZC1zdGVlbC8yMTA1NjIzLmFydGljbGUv0gEA?oc=5,CBMibmh0dHBzOi8vd3d3LmgyLXZpZXcuY29tL3N0b3J5L2luZGlhLXBsYW5zLWdyZWVuLWh5ZHJvZ2VuLXBpbG90LXByb2plY3RzLWluLXNoaXBwaW5nLWFuZC1zdGVlbC8yMTA1NjIzLmFydGljbGUv0gEA,India plans green hydrogen pilot projects in shipping and steel,"Mon, 05 Feb 2024 11:53:26 GMT"
Italian Scientists Develop New System for Producing Green Hydrogen Cheaply and Efficiently - SciTechDaily,https://news.google.com/rss/articles/CBMidGh0dHBzOi8vc2NpdGVjaGRhaWx5LmNvbS9pdGFsaWFuLXNjaWVudGlzdHMtZGV2ZWxvcC1uZXctc3lzdGVtLWZvci1wcm9kdWNpbmctZ3JlZW4taHlkcm9nZW4tY2hlYXBseS1hbmQtZWZmaWNpZW50bHkv0gEA?oc=5,CBMidGh0dHBzOi8vc2NpdGVjaGRhaWx5LmNvbS9pdGFsaWFuLXNjaWVudGlzdHMtZGV2ZWxvcC1uZXctc3lzdGVtLWZvci1wcm9kdWNpbmctZ3JlZW4taHlkcm9nZW4tY2hlYXBseS1hbmQtZWZmaWNpZW50bHkv0gEA,Italian Scientists Develop New System for Producing Green Hydrogen Cheaply and Efficiently,"Sat, 10 Feb 2024 12:00:30 GMT"
MNRE Launches Pilot Projects to Implement Green Hydrogen in Steel Industry - Mercom India,https://news.google.com/rss/articles/CBMiO2h0dHBzOi8vbWVyY29taW5kaWEuY29tL21ucmUtcGlsb3QtaW1wbGVtZW50LWh5ZHJvZ2VuLXN0ZWVs0gEA?oc=5,CBMiO2h0dHBzOi8vbWVyY29taW5kaWEuY29tL21ucmUtcGlsb3QtaW1wbGVtZW50LWh5ZHJvZ2VuLXN0ZWVs0gEA,MNRE Launches Pilot Projects to Implement Green Hydrogen in Steel Industry,"Mon, 05 Feb 2024 10:00:10 GMT"
"Rs 11,500 crore outlay: Budget 2024 adds spark to wind & solar energy, green hydrogen projects - Business Today",https://news.google.com/rss/articles/CBMimwFodHRwczovL3d3dy5idXNpbmVzc3RvZGF5LmluL3VuaW9uLWJ1ZGdldC9zdG9yeS9ycy0xMTUwMC1jcm9yZS1vdXRsYXktYnVkZ2V0LTIwMjQtYWRkcy1zcGFyay10by13aW5kLXNvbGFyLWVuZXJneS1ncmVlbi1oeWRyb2dlbi1wcm9qZWN0cy00MTU4NTYtMjAyNC0wMi0wMdIBnwFodHRwczovL3d3dy5idXNpbmVzc3RvZGF5LmluL2FtcC91bmlvbi1idWRnZXQvc3RvcnkvcnMtMTE1MDAtY3JvcmUtb3V0bGF5LWJ1ZGdldC0yMDI0LWFkZHMtc3BhcmstdG8td2luZC1zb2xhci1lbmVyZ3ktZ3JlZW4taHlkcm9nZW4tcHJvamVjdHMtNDE1ODU2LTIwMjQtMDItMDE?oc=5,CBMimwFodHRwczovL3d3dy5idXNpbmVzc3RvZGF5LmluL3VuaW9uLWJ1ZGdldC9zdG9yeS9ycy0xMTUwMC1jcm9yZS1vdXRsYXktYnVkZ2V0LTIwMjQtYWRkcy1zcGFyay10by13aW5kLXNvbGFyLWVuZXJneS1ncmVlbi1oeWRyb2dlbi1wcm9qZWN0cy00MTU4NTYtMjAyNC0wMi0wMdIBnwFodHRwczovL3d3dy5idXNpbmVzc3RvZGF5LmluL2FtcC91bmlvbi1idWRnZXQvc3RvcnkvcnMtMTE1MDAtY3JvcmUtb3V0bGF5LWJ1ZGdldC0yMDI0LWFkZHMtc3BhcmstdG8td2luZC1zb2xhci1lbmVyZ3ktZ3JlZW4taHlkcm9nZW4tcHJvamVjdHMtNDE1ODU2LTIwMjQtMDItMDE,"Rs 11,500 crore outlay: Budget 2024 adds spark to wind & solar energy, green hydrogen projects","Thu, 01 Feb 2024 08:00:00 GMT"
34 Companies Bid for Green Hydrogen Subsidies in India - India Briefing,https://news.google.com/rss/articles/CBMiigFodHRwczovL3d3dy5pbmRpYS1icmllZmluZy5jb20vbmV3cy9pbmRpYS1zZWVzLW51bWVyb3VzLWJpZHMtZm9yLWdvdmVybm1lbnQtaW5jZW50aXZlcy11bmRlci11czItYmlsbGlvbi1ncmVlbi1oeWRyb2dlbi1zY2hlbWUtMzA2MDkuaHRtbC_SAQA?oc=5,CBMiigFodHRwczovL3d3dy5pbmRpYS1icmllZmluZy5jb20vbmV3cy9pbmRpYS1zZWVzLW51bWVyb3VzLWJpZHMtZm9yLWdvdmVybm1lbnQtaW5jZW50aXZlcy11bmRlci11czItYmlsbGlvbi1ncmVlbi1oeWRyb2dlbi1zY2hlbWUtMzA2MDkuaHRtbC_SAQA,34 Companies Bid for Green Hydrogen Subsidies in India,"Thu, 21 Dec 2023 08:00:00 GMT"
"ReNew proposes to invest Rs 26,400 crore for green hydrogen project in Kerala - ETEnergyWorld",https://news.google.com/rss/articles/CBMikQFodHRwczovL2VuZXJneS5lY29ub21pY3RpbWVzLmluZGlhdGltZXMuY29tL25ld3MvcmVuZXdhYmxlL3JlbmV3LXByb3Bvc2VzLXRvLWludmVzdC1ycy0yNjQwMC1jcm9yZS1mb3ItZ3JlZW4taHlkcm9nZW4tcHJvamVjdC1pbi1rZXJhbGEvMTA3MjEzNTIw0gEA?oc=5,CBMikQFodHRwczovL2VuZXJneS5lY29ub21pY3RpbWVzLmluZGlhdGltZXMuY29tL25ld3MvcmVuZXdhYmxlL3JlbmV3LXByb3Bvc2VzLXRvLWludmVzdC1ycy0yNjQwMC1jcm9yZS1mb3ItZ3JlZW4taHlkcm9nZW4tcHJvamVjdC1pbi1rZXJhbGEvMTA3MjEzNTIw0gEA,"ReNew proposes to invest Rs 26,400 crore for green hydrogen project in Kerala","Mon, 29 Jan 2024 08:00:00 GMT"
"Budget 2024: Rooftop solar, green hydrogen push — experts discuss initiatives to charge up renewable energy sector | Mint - Mint",https://news.google.com/rss/articles/CBMiqwFodHRwczovL3d3dy5saXZlbWludC5jb20vaW5kdXN0cnkvZW5lcmd5L2J1ZGdldC0yMDI0LXJvb2Z0b3Atc29sYXItZ3JlZW4taHlkcm9nZW4tcHVzaC1leHBlcnRzLWRpc2N1c3MtaW5pdGlhdGl2ZXMtdG8tY2hhcmdlLXVwLXJlbmV3YWJsZS1lbmVyZ3ktc2VjdG9yLTExNzA2ODcwMzY1Njc1Lmh0bWzSAa8BaHR0cHM6Ly93d3cubGl2ZW1pbnQuY29tL2luZHVzdHJ5L2VuZXJneS9idWRnZXQtMjAyNC1yb29mdG9wLXNvbGFyLWdyZWVuLWh5ZHJvZ2VuLXB1c2gtZXhwZXJ0cy1kaXNjdXNzLWluaXRpYXRpdmVzLXRvLWNoYXJnZS11cC1yZW5ld2FibGUtZW5lcmd5LXNlY3Rvci9hbXAtMTE3MDY4NzAzNjU2NzUuaHRtbA?oc=5,CBMiqwFodHRwczovL3d3dy5saXZlbWludC5jb20vaW5kdXN0cnkvZW5lcmd5L2J1ZGdldC0yMDI0LXJvb2Z0b3Atc29sYXItZ3JlZW4taHlkcm9nZW4tcHVzaC1leHBlcnRzLWRpc2N1c3MtaW5pdGlhdGl2ZXMtdG8tY2hhcmdlLXVwLXJlbmV3YWJsZS1lbmVyZ3ktc2VjdG9yLTExNzA2ODcwMzY1Njc1Lmh0bWzSAa8BaHR0cHM6Ly93d3cubGl2ZW1pbnQuY29tL2luZHVzdHJ5L2VuZXJneS9idWRnZXQtMjAyNC1yb29mdG9wLXNvbGFyLWdyZWVuLWh5ZHJvZ2VuLXB1c2gtZXhwZXJ0cy1kaXNjdXNzLWluaXRpYXRpdmVzLXRvLWNoYXJnZS11cC1yZW5ld2FibGUtZW5lcmd5LXNlY3Rvci9hbXAtMTE3MDY4NzAzNjU2NzUuaHRtbA,"Budget 2024: Rooftop solar, green hydrogen push — experts discuss initiatives to charge up renewable energy sector | Mint","Fri, 02 Feb 2024 08:00:00 GMT"
Large-scale green hydrogen projects don't make sense – Linde - gasworld,https://news.google.com/rss/articles/CBMiaWh0dHBzOi8vd3d3Lmdhc3dvcmxkLmNvbS9zdG9yeS9sYXJnZS1zY2FsZS1ncmVlbi1oeWRyb2dlbi1wcm9qZWN0cy1kb250LW1ha2Utc2Vuc2UtbGluZGUvMjEzMzkyOC5hcnRpY2xlL9IBAA?oc=5,CBMiaWh0dHBzOi8vd3d3Lmdhc3dvcmxkLmNvbS9zdG9yeS9sYXJnZS1zY2FsZS1ncmVlbi1oeWRyb2dlbi1wcm9qZWN0cy1kb250LW1ha2Utc2Vuc2UtbGluZGUvMjEzMzkyOC5hcnRpY2xlL9IBAA,Large-scale green hydrogen projects don't make sense – Linde,"Fri, 09 Feb 2024 15:04:43 GMT"
"NTPC Green Energy inks MoU with Maharashtra Govt for green hydrogen projects Worth ₹80,000 crore - ETEnergyWorld",https://news.google.com/rss/articles/CBMingFodHRwczovL2VuZXJneS5lY29ub21pY3RpbWVzLmluZGlhdGltZXMuY29tL25ld3MvcmVuZXdhYmxlL250cGMtZ3JlZW4tZW5lcmd5LWlua3MtbW91LXdpdGgtbWFoYXJhc2h0cmEtZm9yLWdyZWVuLWh5ZHJvZ2VuLXByb2plY3RzLXdvcnRoLTgwMDAwLWNyb3JlLzEwNzI1NTgwN9IBAA?oc=5,CBMingFodHRwczovL2VuZXJneS5lY29ub21pY3RpbWVzLmluZGlhdGltZXMuY29tL25ld3MvcmVuZXdhYmxlL250cGMtZ3JlZW4tZW5lcmd5LWlua3MtbW91LXdpdGgtbWFoYXJhc2h0cmEtZm9yLWdyZWVuLWh5ZHJvZ2VuLXByb2plY3RzLXdvcnRoLTgwMDAwLWNyb3JlLzEwNzI1NTgwN9IBAA,"NTPC Green Energy inks MoU with Maharashtra Govt for green hydrogen projects Worth ₹80,000 crore","Tue, 30 Jan 2024 08:10:07 GMT"
Green Hydrogen Mission gets whopping 102% hike in allocation in Interim Budget - The Economic Times,https://news.google.com/rss/articles/CBMilwFodHRwczovL20uZWNvbm9taWN0aW1lcy5jb20vaW5kdXN0cnkvcmVuZXdhYmxlcy9ncmVlbi1oeWRyb2dlbi1taXNzaW9uLWdldHMtd2hvcHBpbmctMTAyLWhpa2UtaW4tYWxsb2NhdGlvbi1pbi1pbnRlcmltLWJ1ZGdldC9hcnRpY2xlc2hvdy8xMDczMzMyNTIuY21z0gGbAWh0dHBzOi8vbS5lY29ub21pY3RpbWVzLmNvbS9pbmR1c3RyeS9yZW5ld2FibGVzL2dyZWVuLWh5ZHJvZ2VuLW1pc3Npb24tZ2V0cy13aG9wcGluZy0xMDItaGlrZS1pbi1hbGxvY2F0aW9uLWluLWludGVyaW0tYnVkZ2V0L2FtcF9hcnRpY2xlc2hvdy8xMDczMzMyNTIuY21z?oc=5,CBMilwFodHRwczovL20uZWNvbm9taWN0aW1lcy5jb20vaW5kdXN0cnkvcmVuZXdhYmxlcy9ncmVlbi1oeWRyb2dlbi1taXNzaW9uLWdldHMtd2hvcHBpbmctMTAyLWhpa2UtaW4tYWxsb2NhdGlvbi1pbi1pbnRlcmltLWJ1ZGdldC9hcnRpY2xlc2hvdy8xMDczMzMyNTIuY21z0gGbAWh0dHBzOi8vbS5lY29ub21pY3RpbWVzLmNvbS9pbmR1c3RyeS9yZW5ld2FibGVzL2dyZWVuLWh5ZHJvZ2VuLW1pc3Npb24tZ2V0cy13aG9wcGluZy0xMDItaGlrZS1pbi1hbGxvY2F0aW9uLWluLWludGVyaW0tYnVkZ2V0L2FtcF9hcnRpY2xlc2hvdy8xMDczMzMyNTIuY21z,Green Hydrogen Mission gets whopping 102% hike in allocation in Interim Budget,"Thu, 01 Feb 2024 08:00:00 GMT"
Fostering Collaboration for Sustainable Energy: ACME Group and IGX Partner to Develop India's Green Hydrogen and ... - SolarQuarter,https://news.google.com/rss/articles/CBMiogFodHRwczovL3NvbGFycXVhcnRlci5jb20vMjAyNC8wMi8wOS9mb3N0ZXJpbmctY29sbGFib3JhdGlvbi1mb3Itc3VzdGFpbmFibGUtZW5lcmd5LWFjbWUtZ3JvdXAtYW5kLWlneC1wYXJ0bmVyLXRvLWRldmVsb3AtaW5kaWFzLWdyZWVuLWh5ZHJvZ2VuLWFuZC1hbW1vbmlhLW1hcmtldC_SAQA?oc=5,CBMiogFodHRwczovL3NvbGFycXVhcnRlci5jb20vMjAyNC8wMi8wOS9mb3N0ZXJpbmctY29sbGFib3JhdGlvbi1mb3Itc3VzdGFpbmFibGUtZW5lcmd5LWFjbWUtZ3JvdXAtYW5kLWlneC1wYXJ0bmVyLXRvLWRldmVsb3AtaW5kaWFzLWdyZWVuLWh5ZHJvZ2VuLWFuZC1hbW1vbmlhLW1hcmtldC_SAQA,Fostering Collaboration for Sustainable Energy: ACME Group and IGX Partner to Develop India's Green Hydrogen and ...,"Fri, 09 Feb 2024 12:27:43 GMT"
Government Initiates Plans to Promote Green Hydrogen for Round-the-Clock RE - Asia Pacific - Energetica India ,https://news.google.com/rss/articles/CBMicWh0dHBzOi8vd3d3LmVuZXJnZXRpY2EtaW5kaWEubmV0L25ld3MvZ292ZXJubWVudC1pbml0aWF0ZXMtcGxhbnMtdG8tcHJvbW90ZS1ncmVlbi1oeWRyb2dlbi1mb3Itcm91bmQtdGhlLWNsb2NrLXJl0gEA?oc=5,CBMicWh0dHBzOi8vd3d3LmVuZXJnZXRpY2EtaW5kaWEubmV0L25ld3MvZ292ZXJubWVudC1pbml0aWF0ZXMtcGxhbnMtdG8tcHJvbW90ZS1ncmVlbi1oeWRyb2dlbi1mb3Itcm91bmQtdGhlLWNsb2NrLXJl0gEA,Government Initiates Plans to Promote Green Hydrogen for Round-the-Clock RE - Asia Pacific,"Wed, 07 Feb 2024 06:56:11 GMT"
SCI Leads Green Hydrogen Initiative - Construction World,https://news.google.com/rss/articles/CBMiVmh0dHBzOi8vd3d3LmNvbnN0cnVjdGlvbndvcmxkLmluL2NlbWVudC1uZXdzL3NjaS1sZWFkcy1ncmVlbi1oeWRyb2dlbi1pbml0aWF0aXZlLzUwNjQ10gEA?oc=5,CBMiVmh0dHBzOi8vd3d3LmNvbnN0cnVjdGlvbndvcmxkLmluL2NlbWVudC1uZXdzL3NjaS1sZWFkcy1ncmVlbi1oeWRyb2dlbi1pbml0aWF0aXZlLzUwNjQ10gEA,SCI Leads Green Hydrogen Initiative,"Thu, 08 Feb 2024 10:00:52 GMT"
Study unveils scalable and efficient photoelectrode modules for green hydrogen production - Tech Xplore,https://news.google.com/rss/articles/CBMiWmh0dHBzOi8vdGVjaHhwbG9yZS5jb20vbmV3cy8yMDI0LTAyLXVudmVpbHMtc2NhbGFibGUtZWZmaWNpZW50LXBob3RvZWxlY3Ryb2RlLW1vZHVsZXMuaHRtbNIBWWh0dHBzOi8vdGVjaHhwbG9yZS5jb20vbmV3cy8yMDI0LTAyLXVudmVpbHMtc2NhbGFibGUtZWZmaWNpZW50LXBob3RvZWxlY3Ryb2RlLW1vZHVsZXMuYW1w?oc=5,CBMiWmh0dHBzOi8vdGVjaHhwbG9yZS5jb20vbmV3cy8yMDI0LTAyLXVudmVpbHMtc2NhbGFibGUtZWZmaWNpZW50LXBob3RvZWxlY3Ryb2RlLW1vZHVsZXMuaHRtbNIBWWh0dHBzOi8vdGVjaHhwbG9yZS5jb20vbmV3cy8yMDI0LTAyLXVudmVpbHMtc2NhbGFibGUtZWZmaWNpZW50LXBob3RvZWxlY3Ryb2RlLW1vZHVsZXMuYW1w,Study unveils scalable and efficient photoelectrode modules for green hydrogen production,"Wed, 07 Feb 2024 14:49:03 GMT"
MNRE Allocates CPSUs for Green Hydrogen Implementation - Construction World,https://news.google.com/rss/articles/CBMiaWh0dHBzOi8vd3d3LmNvbnN0cnVjdGlvbndvcmxkLmluL2NlbWVudC1uZXdzL21ucmUtYWxsb2NhdGVzLWNwc3VzLWZvci1ncmVlbi1oeWRyb2dlbi1pbXBsZW1lbnRhdGlvbi81MDY1NNIBAA?oc=5,CBMiaWh0dHBzOi8vd3d3LmNvbnN0cnVjdGlvbndvcmxkLmluL2NlbWVudC1uZXdzL21ucmUtYWxsb2NhdGVzLWNwc3VzLWZvci1ncmVlbi1oeWRyb2dlbi1pbXBsZW1lbnRhdGlvbi81MDY1NNIBAA,MNRE Allocates CPSUs for Green Hydrogen Implementation,"Thu, 08 Feb 2024 10:07:47 GMT"
Budget 2024: Green hydrogen’s allocation rises by whopping 102 per cent - ETEnergyWorld,https://news.google.com/rss/articles/CBMiigFodHRwczovL2VuZXJneS5lY29ub21pY3RpbWVzLmluZGlhdGltZXMuY29tL25ld3MvcmVuZXdhYmxlL2J1ZGdldC0yMDI0LWdyZWVuLWh5ZHJvZ2Vucy1hbGxvY2F0aW9uLXJpc2VzLWJ5LXdob3BwaW5nLTEwMi1wZXItY2VudC8xMDczMzIzMjHSAQA?oc=5,CBMiigFodHRwczovL2VuZXJneS5lY29ub21pY3RpbWVzLmluZGlhdGltZXMuY29tL25ld3MvcmVuZXdhYmxlL2J1ZGdldC0yMDI0LWdyZWVuLWh5ZHJvZ2Vucy1hbGxvY2F0aW9uLXJpc2VzLWJ5LXdob3BwaW5nLTEwMi1wZXItY2VudC8xMDczMzIzMjHSAQA,Budget 2024: Green hydrogen’s allocation rises by whopping 102 per cent,"Fri, 02 Feb 2024 01:30:00 GMT"
Govt allocates Rs 115 crore for green hydrogen pilot in shipping sector: MNRE - ETEnergyWorld,https://news.google.com/rss/articles/CBMikQFodHRwczovL2VuZXJneS5lY29ub21pY3RpbWVzLmluZGlhdGltZXMuY29tL25ld3MvcmVuZXdhYmxlL2dvdnQtYWxsb2NhdGVzLXJzLTExNS1jcm9yZS1mb3ItZ3JlZW4taHlkcm9nZW4tcGlsb3QtaW4tc2hpcHBpbmctc2VjdG9yLW1ucmUvMTA3MzcwMDk00gEA?oc=5,CBMikQFodHRwczovL2VuZXJneS5lY29ub21pY3RpbWVzLmluZGlhdGltZXMuY29tL25ld3MvcmVuZXdhYmxlL2dvdnQtYWxsb2NhdGVzLXJzLTExNS1jcm9yZS1mb3ItZ3JlZW4taHlkcm9nZW4tcGlsb3QtaW4tc2hpcHBpbmctc2VjdG9yLW1ucmUvMTA3MzcwMDk00gEA,Govt allocates Rs 115 crore for green hydrogen pilot in shipping sector: MNRE,"Fri, 02 Feb 2024 17:35:36 GMT"
Green Hydrogen Systems wins 8.1-MW electrolyser order in UK - Renewables Now,https://news.google.com/rss/articles/CBMiYWh0dHBzOi8vcmVuZXdhYmxlc25vdy5jb20vbmV3cy9ncmVlbi1oeWRyb2dlbi1zeXN0ZW1zLXdpbnMtODEtbXctZWxlY3Ryb2x5c2VyLW9yZGVyLWluLXVrLTg0ODEyOC_SAQA?oc=5,CBMiYWh0dHBzOi8vcmVuZXdhYmxlc25vdy5jb20vbmV3cy9ncmVlbi1oeWRyb2dlbi1zeXN0ZW1zLXdpbnMtODEtbXctZWxlY3Ryb2x5c2VyLW9yZGVyLWluLXVrLTg0ODEyOC_SAQA,Green Hydrogen Systems wins 8.1-MW electrolyser order in UK,"Fri, 09 Feb 2024 10:23:00 GMT"
The Hydrogen Stream: Reliance Industries to convert existing 5000 ICE trucks to run on green hydrogen by mid-2024 - pv magazine India,https://news.google.com/rss/articles/CBMingFodHRwczovL3d3dy5wdi1tYWdhemluZS1pbmRpYS5jb20vMjAyNC8wMi8wNS90aGUtaHlkcm9nZW4tc3RyZWFtLXJlbGlhbmNlLWluZHVzdHJpZXMtdG8tY29udmVydC1leGlzdGluZy01MDAwLWljZS10cnVja3MtdG8tcnVuLW9uLWdyZWVuLWh5ZHJvZ2VuLWJ5LW1pZC0yMDI0L9IBAA?oc=5,CBMingFodHRwczovL3d3dy5wdi1tYWdhemluZS1pbmRpYS5jb20vMjAyNC8wMi8wNS90aGUtaHlkcm9nZW4tc3RyZWFtLXJlbGlhbmNlLWluZHVzdHJpZXMtdG8tY29udmVydC1leGlzdGluZy01MDAwLWljZS10cnVja3MtdG8tcnVuLW9uLWdyZWVuLWh5ZHJvZ2VuLWJ5LW1pZC0yMDI0L9IBAA,The Hydrogen Stream: Reliance Industries to convert existing 5000 ICE trucks to run on green hydrogen by mid-2024,"Mon, 05 Feb 2024 05:52:59 GMT"
The Hydrogen Stream: India's Maharashtra signs MoUs for green hydrogen projects worth over $33.2 billion - pv magazine India,https://news.google.com/rss/articles/CBMikwFodHRwczovL3d3dy5wdi1tYWdhemluZS1pbmRpYS5jb20vMjAyNC8wMS8zMC90aGUtaHlkcm9nZW4tc3RyZWFtLWluZGlhcy1tYWhhcmFzaHRyYS1zaWducy1tb3VzLWZvci1ncmVlbi1oeWRyb2dlbi1wcm9qZWN0cy13b3J0aC1vdmVyLTMzLTItYmlsbGlvbi_SAQA?oc=5,CBMikwFodHRwczovL3d3dy5wdi1tYWdhemluZS1pbmRpYS5jb20vMjAyNC8wMS8zMC90aGUtaHlkcm9nZW4tc3RyZWFtLWluZGlhcy1tYWhhcmFzaHRyYS1zaWducy1tb3VzLWZvci1ncmVlbi1oeWRyb2dlbi1wcm9qZWN0cy13b3J0aC1vdmVyLTMzLTItYmlsbGlvbi_SAQA,The Hydrogen Stream: India's Maharashtra signs MoUs for green hydrogen projects worth over $33.2 billion,"Tue, 30 Jan 2024 08:00:00 GMT"
New industry-academia collab wants to reduce cost of green hydrogen production - Offshore Energy,https://news.google.com/rss/articles/CBMib2h0dHBzOi8vd3d3Lm9mZnNob3JlLWVuZXJneS5iaXovbmV3LWluZHVzdHJ5LWFjYWRlbWlhLWNvbGxhYi13YW50cy10by1yZWR1Y2UtY29zdC1vZi1ncmVlbi1oeWRyb2dlbi1wcm9kdWN0aW9uL9IBAA?oc=5,CBMib2h0dHBzOi8vd3d3Lm9mZnNob3JlLWVuZXJneS5iaXovbmV3LWluZHVzdHJ5LWFjYWRlbWlhLWNvbGxhYi13YW50cy10by1yZWR1Y2UtY29zdC1vZi1ncmVlbi1oeWRyb2dlbi1wcm9kdWN0aW9uL9IBAA,New industry-academia collab wants to reduce cost of green hydrogen production,"Wed, 07 Feb 2024 10:46:44 GMT"
How is the Adoption of Fuel Cell Technology Shaping the Future of Green Hydrogen in India's Renewable Energy Sector - CXOToday.com,https://news.google.com/rss/articles/CBMikQFodHRwczovL2N4b3RvZGF5LmNvbS9zcGVjaWFscy9ob3ctaXMtdGhlLWFkb3B0aW9uLW9mLWZ1ZWwtY2VsbC10ZWNobm9sb2d5LXNoYXBpbmctdGhlLWZ1dHVyZS1vZi1ncmVlbi1oeWRyb2dlbi1pbi1pbmRpYXMtcmVuZXdhYmxlLWVuZXJneS1zZWN0b3Iv0gEA?oc=5,CBMikQFodHRwczovL2N4b3RvZGF5LmNvbS9zcGVjaWFscy9ob3ctaXMtdGhlLWFkb3B0aW9uLW9mLWZ1ZWwtY2VsbC10ZWNobm9sb2d5LXNoYXBpbmctdGhlLWZ1dHVyZS1vZi1ncmVlbi1oeWRyb2dlbi1pbi1pbmRpYXMtcmVuZXdhYmxlLWVuZXJneS1zZWN0b3Iv0gEA,How is the Adoption of Fuel Cell Technology Shaping the Future of Green Hydrogen in India's Renewable Energy Sector,"Mon, 05 Feb 2024 12:31:58 GMT"
MNRE issues guidelines for pilot projects implementing Green Hydrogen in steel sector - CNBCTV18,https://news.google.com/rss/articles/CBMihwFodHRwczovL3d3dy5jbmJjdHYxOC5jb20vZW52aXJvbm1lbnQvbW5yZS1pc3N1ZXMtZ3VpZGVsaW5lcy1mb3ItcGlsb3QtcHJvamVjdHMtaW1wbGVtZW50aW5nLWdyZWVuLWh5ZHJvZ2VuLWluLXN0ZWVsLXNlY3Rvci0xODk2NTM4MS5odG3SAYsBaHR0cHM6Ly93d3cuY25iY3R2MTguY29tL2Vudmlyb25tZW50L21ucmUtaXNzdWVzLWd1aWRlbGluZXMtZm9yLXBpbG90LXByb2plY3RzLWltcGxlbWVudGluZy1ncmVlbi1oeWRyb2dlbi1pbi1zdGVlbC1zZWN0b3ItMTg5NjUzODEuaHRtL2FtcA?oc=5,CBMihwFodHRwczovL3d3dy5jbmJjdHYxOC5jb20vZW52aXJvbm1lbnQvbW5yZS1pc3N1ZXMtZ3VpZGVsaW5lcy1mb3ItcGlsb3QtcHJvamVjdHMtaW1wbGVtZW50aW5nLWdyZWVuLWh5ZHJvZ2VuLWluLXN0ZWVsLXNlY3Rvci0xODk2NTM4MS5odG3SAYsBaHR0cHM6Ly93d3cuY25iY3R2MTguY29tL2Vudmlyb25tZW50L21ucmUtaXNzdWVzLWd1aWRlbGluZXMtZm9yLXBpbG90LXByb2plY3RzLWltcGxlbWVudGluZy1ncmVlbi1oeWRyb2dlbi1pbi1zdGVlbC1zZWN0b3ItMTg5NjUzODEuaHRtL2FtcA,MNRE issues guidelines for pilot projects implementing Green Hydrogen in steel sector,"Fri, 02 Feb 2024 17:51:25 GMT"
"Green hydrogen: Proposals for projects worth ₹2.70 trillion received, says energy minister - Hindustan Times",https://news.google.com/rss/articles/CBMiogFodHRwczovL3d3dy5oaW5kdXN0YW50aW1lcy5jb20vY2l0aWVzL2x1Y2tub3ctbmV3cy9ncmVlbi1oeWRyb2dlbi1wcm9wb3NhbHMtZm9yLXByb2plY3RzLXdvcnRoLXJzLTItNzAtdHJpbGxpb24tcmVjZWl2ZWQtc2F5cy1lbmVyZ3ktbWluaXN0ZXItMTAxNzA2OTg4NDYzNDMxLmh0bWzSAaYBaHR0cHM6Ly93d3cuaGluZHVzdGFudGltZXMuY29tL2NpdGllcy9sdWNrbm93LW5ld3MvZ3JlZW4taHlkcm9nZW4tcHJvcG9zYWxzLWZvci1wcm9qZWN0cy13b3J0aC1ycy0yLTcwLXRyaWxsaW9uLXJlY2VpdmVkLXNheXMtZW5lcmd5LW1pbmlzdGVyLTEwMTcwNjk4ODQ2MzQzMS1hbXAuaHRtbA?oc=5,CBMiogFodHRwczovL3d3dy5oaW5kdXN0YW50aW1lcy5jb20vY2l0aWVzL2x1Y2tub3ctbmV3cy9ncmVlbi1oeWRyb2dlbi1wcm9wb3NhbHMtZm9yLXByb2plY3RzLXdvcnRoLXJzLTItNzAtdHJpbGxpb24tcmVjZWl2ZWQtc2F5cy1lbmVyZ3ktbWluaXN0ZXItMTAxNzA2OTg4NDYzNDMxLmh0bWzSAaYBaHR0cHM6Ly93d3cuaGluZHVzdGFudGltZXMuY29tL2NpdGllcy9sdWNrbm93LW5ld3MvZ3JlZW4taHlkcm9nZW4tcHJvcG9zYWxzLWZvci1wcm9qZWN0cy13b3J0aC1ycy0yLTcwLXRyaWxsaW9uLXJlY2VpdmVkLXNheXMtZW5lcmd5LW1pbmlzdGVyLTEwMTcwNjk4ODQ2MzQzMS1hbXAuaHRtbA,"Green hydrogen: Proposals for projects worth ₹2.70 trillion received, says energy minister","Sun, 04 Feb 2024 02:32:04 GMT"
Green Hydrogen - Vale and Hydnum Steel sign MoU to develop iron ore briquette plant at a green steel project in Spain - Hydrogen Central,https://news.google.com/rss/articles/CBMikQFodHRwczovL2h5ZHJvZ2VuLWNlbnRyYWwuY29tL2dyZWVuLWh5ZHJvZ2VuLXZhbGUtYW5kLWh5ZG51bS1zdGVlbC1zaWduLW1vdS10by1kZXZlbG9wLWlyb24tb3JlLWJyaXF1ZXR0ZS1wbGFudC1hdC1hLWdyZWVuLXN0ZWVsLXByb2plY3QtaW4tc3BhaW4v0gEA?oc=5,CBMikQFodHRwczovL2h5ZHJvZ2VuLWNlbnRyYWwuY29tL2dyZWVuLWh5ZHJvZ2VuLXZhbGUtYW5kLWh5ZG51bS1zdGVlbC1zaWduLW1vdS10by1kZXZlbG9wLWlyb24tb3JlLWJyaXF1ZXR0ZS1wbGFudC1hdC1hLWdyZWVuLXN0ZWVsLXByb2plY3QtaW4tc3BhaW4v0gEA,Green Hydrogen - Vale and Hydnum Steel sign MoU to develop iron ore briquette plant at a green steel project in Spain,"Sat, 10 Feb 2024 11:42:07 GMT"
Green Hydrogen Systems upgrades revenue guidance following 8.1MW electrolyser order - H2 View,https://news.google.com/rss/articles/CBMiggFodHRwczovL3d3dy5oMi12aWV3LmNvbS9zdG9yeS9ncmVlbi1oeWRyb2dlbi1zeXN0ZW1zLXVwZ3JhZGVzLXJldmVudWUtZ3VpZGFuY2UtZm9sbG93aW5nLTgtMW13LWVsZWN0cm9seXNlci1vcmRlci8yMTA1ODg4LmFydGljbGUv0gEA?oc=5,CBMiggFodHRwczovL3d3dy5oMi12aWV3LmNvbS9zdG9yeS9ncmVlbi1oeWRyb2dlbi1zeXN0ZW1zLXVwZ3JhZGVzLXJldmVudWUtZ3VpZGFuY2UtZm9sbG93aW5nLTgtMW13LWVsZWN0cm9seXNlci1vcmRlci8yMTA1ODg4LmFydGljbGUv0gEA,Green Hydrogen Systems upgrades revenue guidance following 8.1MW electrolyser order,"Fri, 09 Feb 2024 11:54:18 GMT"
Green Hydrogen Systems signs new order for 8.1 MW electrolyser capacity - Hydrogen Central,https://news.google.com/rss/articles/CBMiZWh0dHBzOi8vaHlkcm9nZW4tY2VudHJhbC5jb20vZ3JlZW4taHlkcm9nZW4tc3lzdGVtcy1zaWducy1uZXctb3JkZXItZm9yLTgtMS1tdy1lbGVjdHJvbHlzZXItY2FwYWNpdHkv0gEA?oc=5,CBMiZWh0dHBzOi8vaHlkcm9nZW4tY2VudHJhbC5jb20vZ3JlZW4taHlkcm9nZW4tc3lzdGVtcy1zaWducy1uZXctb3JkZXItZm9yLTgtMS1tdy1lbGVjdHJvbHlzZXItY2FwYWNpdHkv0gEA,Green Hydrogen Systems signs new order for 8.1 MW electrolyser capacity,"Sat, 10 Feb 2024 11:42:07 GMT"
Fundamentally strong small cap firm enters green hydrogen sector | Mint - Mint,https://news.google.com/rss/articles/CBMihgFodHRwczovL3d3dy5saXZlbWludC5jb20vbWFya2V0L3N0b2NrLW1hcmtldC1uZXdzL2Z1bmRhbWVudGFsbHktc3Ryb25nLXNtYWxsLWNhcC1maXJtLWVudGVycy1ncmVlbi1oeWRyb2dlbi1zZWN0b3ItMTE3MDUwNTM0ODEwNTcuaHRtbNIBigFodHRwczovL3d3dy5saXZlbWludC5jb20vbWFya2V0L3N0b2NrLW1hcmtldC1uZXdzL2Z1bmRhbWVudGFsbHktc3Ryb25nLXNtYWxsLWNhcC1maXJtLWVudGVycy1ncmVlbi1oeWRyb2dlbi1zZWN0b3IvYW1wLTExNzA1MDUzNDgxMDU3Lmh0bWw?oc=5,CBMihgFodHRwczovL3d3dy5saXZlbWludC5jb20vbWFya2V0L3N0b2NrLW1hcmtldC1uZXdzL2Z1bmRhbWVudGFsbHktc3Ryb25nLXNtYWxsLWNhcC1maXJtLWVudGVycy1ncmVlbi1oeWRyb2dlbi1zZWN0b3ItMTE3MDUwNTM0ODEwNTcuaHRtbNIBigFodHRwczovL3d3dy5saXZlbWludC5jb20vbWFya2V0L3N0b2NrLW1hcmtldC1uZXdzL2Z1bmRhbWVudGFsbHktc3Ryb25nLXNtYWxsLWNhcC1maXJtLWVudGVycy1ncmVlbi1oeWRyb2dlbi1zZWN0b3IvYW1wLTExNzA1MDUzNDgxMDU3Lmh0bWw,Fundamentally strong small cap firm enters green hydrogen sector | Mint,"Fri, 12 Jan 2024 08:00:00 GMT"
India rolls out program to support green hydrogen ship retrofits - Offshore Energy,https://news.google.com/rss/articles/CBMiYWh0dHBzOi8vd3d3Lm9mZnNob3JlLWVuZXJneS5iaXovaW5kaWEtcm9sbHMtb3V0LXByb2dyYW0tdG8tc3VwcG9ydC1ncmVlbi1oeWRyb2dlbi1zaGlwLXJldHJvZml0cy_SAQA?oc=5,CBMiYWh0dHBzOi8vd3d3Lm9mZnNob3JlLWVuZXJneS5iaXovaW5kaWEtcm9sbHMtb3V0LXByb2dyYW0tdG8tc3VwcG9ydC1ncmVlbi1oeWRyb2dlbi1zaGlwLXJldHJvZml0cy_SAQA,India rolls out program to support green hydrogen ship retrofits,"Mon, 05 Feb 2024 13:59:55 GMT"
Govt shares guidelines for Green Hydrogen Pilot Projects in steel sector - Moneycontrol,https://news.google.com/rss/articles/CBMigQFodHRwczovL3d3dy5tb25leWNvbnRyb2wuY29tL25ld3MvYnVzaW5lc3MvZ292dC1zaGFyZXMtZ3VpZGVsaW5lcy1mb3ItZ3JlZW4taHlkcm9nZW4tcGlsb3QtcHJvamVjdHMtaW4tc3RlZWwtc2VjdG9yLTEyMTg5MDgxLmh0bWzSAYUBaHR0cHM6Ly93d3cubW9uZXljb250cm9sLmNvbS9uZXdzL2J1c2luZXNzL2dvdnQtc2hhcmVzLWd1aWRlbGluZXMtZm9yLWdyZWVuLWh5ZHJvZ2VuLXBpbG90LXByb2plY3RzLWluLXN0ZWVsLXNlY3Rvci0xMjE4OTA4MS5odG1sL2FtcA?oc=5,CBMigQFodHRwczovL3d3dy5tb25leWNvbnRyb2wuY29tL25ld3MvYnVzaW5lc3MvZ292dC1zaGFyZXMtZ3VpZGVsaW5lcy1mb3ItZ3JlZW4taHlkcm9nZW4tcGlsb3QtcHJvamVjdHMtaW4tc3RlZWwtc2VjdG9yLTEyMTg5MDgxLmh0bWzSAYUBaHR0cHM6Ly93d3cubW9uZXljb250cm9sLmNvbS9uZXdzL2J1c2luZXNzL2dvdnQtc2hhcmVzLWd1aWRlbGluZXMtZm9yLWdyZWVuLWh5ZHJvZ2VuLXBpbG90LXByb2plY3RzLWluLXN0ZWVsLXNlY3Rvci0xMjE4OTA4MS5odG1sL2FtcA,Govt shares guidelines for Green Hydrogen Pilot Projects in steel sector,"Sun, 04 Feb 2024 10:13:01 GMT"
MNRE launches scheme to incentivise production of green hydrogen - Down To Earth Magazine,https://news.google.com/rss/articles/CBMicWh0dHBzOi8vd3d3LmRvd250b2VhcnRoLm9yZy5pbi9uZXdzL2VuZXJneS9tbnJlLWxhdW5jaGVzLXNjaGVtZS10by1pbmNlbnRpdmlzZS1wcm9kdWN0aW9uLW9mLWdyZWVuLWh5ZHJvZ2VuLTk0MDAz0gEA?oc=5,CBMicWh0dHBzOi8vd3d3LmRvd250b2VhcnRoLm9yZy5pbi9uZXdzL2VuZXJneS9tbnJlLWxhdW5jaGVzLXNjaGVtZS10by1pbmNlbnRpdmlzZS1wcm9kdWN0aW9uLW9mLWdyZWVuLWh5ZHJvZ2VuLTk0MDAz0gEA,MNRE launches scheme to incentivise production of green hydrogen,"Fri, 19 Jan 2024 08:00:00 GMT"
Govt issues pilot project guidelines for Green Hydrogen in Steel Sector - Construction World,https://news.google.com/rss/articles/CBMinwFodHRwczovL3d3dy5jb25zdHJ1Y3Rpb253b3JsZC5pbi9lbmVyZ3ktaW5mcmFzdHJ1Y3R1cmUvcG93ZXItYW5kLXJlbmV3YWJsZS1lbmVyZ3kvZ292dC1pc3N1ZXMtcGlsb3QtcHJvamVjdC1ndWlkZWxpbmVzLWZvci1ncmVlbi1oeWRyb2dlbi1pbi1zdGVlbC1zZWN0b3IvNTA1OTHSAQA?oc=5,CBMinwFodHRwczovL3d3dy5jb25zdHJ1Y3Rpb253b3JsZC5pbi9lbmVyZ3ktaW5mcmFzdHJ1Y3R1cmUvcG93ZXItYW5kLXJlbmV3YWJsZS1lbmVyZ3kvZ292dC1pc3N1ZXMtcGlsb3QtcHJvamVjdC1ndWlkZWxpbmVzLWZvci1ncmVlbi1oeWRyb2dlbi1pbi1zdGVlbC1zZWN0b3IvNTA1OTHSAQA,Govt issues pilot project guidelines for Green Hydrogen in Steel Sector,"Tue, 06 Feb 2024 11:08:41 GMT"
India - Government issues Pilot Project Guidelines for utilizing Green Hydrogen in Steel Sector - Hydrogen Central,https://news.google.com/rss/articles/CBMie2h0dHBzOi8vaHlkcm9nZW4tY2VudHJhbC5jb20vaW5kaWEtZ292ZXJubWVudC1pc3N1ZXMtcGlsb3QtcHJvamVjdC1ndWlkZWxpbmVzLWZvci11dGlsaXppbmctZ3JlZW4taHlkcm9nZW4taW4tc3RlZWwtc2VjdG9yL9IBAA?oc=5,CBMie2h0dHBzOi8vaHlkcm9nZW4tY2VudHJhbC5jb20vaW5kaWEtZ292ZXJubWVudC1pc3N1ZXMtcGlsb3QtcHJvamVjdC1ndWlkZWxpbmVzLWZvci11dGlsaXppbmctZ3JlZW4taHlkcm9nZW4taW4tc3RlZWwtc2VjdG9yL9IBAA,India - Government issues Pilot Project Guidelines for utilizing Green Hydrogen in Steel Sector,"Mon, 05 Feb 2024 20:34:41 GMT"
The rising tide of green hydrogen: What it means for safety in logistics and supply chain management - Logistics Middle East,https://news.google.com/rss/articles/CBMikQFodHRwczovL3d3dy5sb2dpc3RpY3NtaWRkbGVlYXN0LmNvbS9sb2dpc3RpY3MvdGhlLXJpc2luZy10aWRlLW9mLWdyZWVuLWh5ZHJvZ2VuLXdoYXQtaXQtbWVhbnMtZm9yLXNhZmV0eS1pbi1sb2dpc3RpY3MtYW5kLXN1cHBseS1jaGFpbi1tYW5hZ2VtZW500gEA?oc=5,CBMikQFodHRwczovL3d3dy5sb2dpc3RpY3NtaWRkbGVlYXN0LmNvbS9sb2dpc3RpY3MvdGhlLXJpc2luZy10aWRlLW9mLWdyZWVuLWh5ZHJvZ2VuLXdoYXQtaXQtbWVhbnMtZm9yLXNhZmV0eS1pbi1sb2dpc3RpY3MtYW5kLXN1cHBseS1jaGFpbi1tYW5hZ2VtZW500gEA,The rising tide of green hydrogen: What it means for safety in logistics and supply chain management,"Thu, 08 Feb 2024 13:35:17 GMT"
Abu Dhabi Department Of Economic Development And HYCAP Group Partner To Drive Green Hydrogen Innovation - SolarQuarter,https://news.google.com/rss/articles/CBMijAFodHRwczovL3NvbGFycXVhcnRlci5jb20vMjAyNC8wMi8wNS9hYnUtZGhhYmktZGVwYXJ0bWVudC1vZi1lY29ub21pYy1kZXZlbG9wbWVudC1hbmQtaHljYXAtZ3JvdXAtcGFydG5lci10by1kcml2ZS1ncmVlbi1oeWRyb2dlbi1pbm5vdmF0aW9uL9IBAA?oc=5,CBMijAFodHRwczovL3NvbGFycXVhcnRlci5jb20vMjAyNC8wMi8wNS9hYnUtZGhhYmktZGVwYXJ0bWVudC1vZi1lY29ub21pYy1kZXZlbG9wbWVudC1hbmQtaHljYXAtZ3JvdXAtcGFydG5lci10by1kcml2ZS1ncmVlbi1oeWRyb2dlbi1pbm5vdmF0aW9uL9IBAA,Abu Dhabi Department Of Economic Development And HYCAP Group Partner To Drive Green Hydrogen Innovation,"Mon, 05 Feb 2024 11:25:48 GMT"
Government Allocates Rs 1.15 Bn for Green Hydrogen Pilot - Construction World,https://news.google.com/rss/articles/CBMiiwFodHRwczovL3d3dy5jb25zdHJ1Y3Rpb253b3JsZC5pbi90cmFuc3BvcnQtaW5mcmFzdHJ1Y3R1cmUvcG9ydHMtYW5kLXNoaXBwaW5nL2dvdmVybm1lbnQtYWxsb2NhdGVzLXJzLTEuMTUtYm4tZm9yLWdyZWVuLWh5ZHJvZ2VuLXBpbG90LzUwNTcx0gEA?oc=5,CBMiiwFodHRwczovL3d3dy5jb25zdHJ1Y3Rpb253b3JsZC5pbi90cmFuc3BvcnQtaW5mcmFzdHJ1Y3R1cmUvcG9ydHMtYW5kLXNoaXBwaW5nL2dvdmVybm1lbnQtYWxsb2NhdGVzLXJzLTEuMTUtYm4tZm9yLWdyZWVuLWh5ZHJvZ2VuLXBpbG90LzUwNTcx0gEA,Government Allocates Rs 1.15 Bn for Green Hydrogen Pilot,"Tue, 06 Feb 2024 11:00:09 GMT"
India Launches Pilot Projects for Green Hydrogen in Maritime Sector under National Mission - SolarQuarter,https://news.google.com/rss/articles/CBMif2h0dHBzOi8vc29sYXJxdWFydGVyLmNvbS8yMDI0LzAyLzAyL2luZGlhLWxhdW5jaGVzLXBpbG90LXByb2plY3RzLWZvci1ncmVlbi1oeWRyb2dlbi1pbi1tYXJpdGltZS1zZWN0b3ItdW5kZXItbmF0aW9uYWwtbWlzc2lvbi_SAQA?oc=5,CBMif2h0dHBzOi8vc29sYXJxdWFydGVyLmNvbS8yMDI0LzAyLzAyL2luZGlhLWxhdW5jaGVzLXBpbG90LXByb2plY3RzLWZvci1ncmVlbi1oeWRyb2dlbi1pbi1tYXJpdGltZS1zZWN0b3ItdW5kZXItbmF0aW9uYWwtbWlzc2lvbi_SAQA,India Launches Pilot Projects for Green Hydrogen in Maritime Sector under National Mission,"Fri, 02 Feb 2024 10:00:49 GMT"
Support for Ports and Portability to Green Hydrogen - ETAuto,https://news.google.com/rss/articles/CBMidWh0dHBzOi8vYXV0by5lY29ub21pY3RpbWVzLmluZGlhdGltZXMuY29tL25ld3MvaW5kdXN0cnkvc3VwcG9ydC1mb3ItcG9ydHMtYW5kLXBvcnRhYmlsaXR5LXRvLWdyZWVuLWh5ZHJvZ2VuLzEwNzM3NjQzNtIBeWh0dHBzOi8vYXV0by5lY29ub21pY3RpbWVzLmluZGlhdGltZXMuY29tL2FtcC9uZXdzL2luZHVzdHJ5L3N1cHBvcnQtZm9yLXBvcnRzLWFuZC1wb3J0YWJpbGl0eS10by1ncmVlbi1oeWRyb2dlbi8xMDczNzY0MzY?oc=5,CBMidWh0dHBzOi8vYXV0by5lY29ub21pY3RpbWVzLmluZGlhdGltZXMuY29tL25ld3MvaW5kdXN0cnkvc3VwcG9ydC1mb3ItcG9ydHMtYW5kLXBvcnRhYmlsaXR5LXRvLWdyZWVuLWh5ZHJvZ2VuLzEwNzM3NjQzNtIBeWh0dHBzOi8vYXV0by5lY29ub21pY3RpbWVzLmluZGlhdGltZXMuY29tL2FtcC9uZXdzL2luZHVzdHJ5L3N1cHBvcnQtZm9yLXBvcnRzLWFuZC1wb3J0YWJpbGl0eS10by1ncmVlbi1oeWRyb2dlbi8xMDczNzY0MzY,Support for Ports and Portability to Green Hydrogen,"Sat, 03 Feb 2024 03:38:07 GMT"
Zaha Hadid Architects designs world's first green hydrogen refueling network for recreational boating - Archinect,https://news.google.com/rss/articles/CBMikgFodHRwczovL2FyY2hpbmVjdC5jb20vbmV3cy9hcnRpY2xlLzE1MDQxNTk3MC96YWhhLWhhZGlkLWFyY2hpdGVjdHMtZGVzaWducy13b3JsZC1zLWZpcnN0LWdyZWVuLWh5ZHJvZ2VuLXJlZnVlbGluZy1uZXR3b3JrLWZvci1yZWNyZWF0aW9uYWwtYm9hdGluZ9IBAA?oc=5,CBMikgFodHRwczovL2FyY2hpbmVjdC5jb20vbmV3cy9hcnRpY2xlLzE1MDQxNTk3MC96YWhhLWhhZGlkLWFyY2hpdGVjdHMtZGVzaWducy13b3JsZC1zLWZpcnN0LWdyZWVuLWh5ZHJvZ2VuLXJlZnVlbGluZy1uZXR3b3JrLWZvci1yZWNyZWF0aW9uYWwtYm9hdGluZ9IBAA,Zaha Hadid Architects designs world's first green hydrogen refueling network for recreational boating,"Sat, 10 Feb 2024 13:00:00 GMT"
Green Hydrogen Revolution in Indian Steel: National Mission Unleashes Promising Pilot Initiatives - SolarQuarter,https://news.google.com/rss/articles/CBMihQFodHRwczovL3NvbGFycXVhcnRlci5jb20vMjAyNC8wMi8wMy9ncmVlbi1oeWRyb2dlbi1yZXZvbHV0aW9uLWluLWluZGlhbi1zdGVlbC1uYXRpb25hbC1taXNzaW9uLXVubGVhc2hlcy1wcm9taXNpbmctcGlsb3QtaW5pdGlhdGl2ZXMv0gEA?oc=5,CBMihQFodHRwczovL3NvbGFycXVhcnRlci5jb20vMjAyNC8wMi8wMy9ncmVlbi1oeWRyb2dlbi1yZXZvbHV0aW9uLWluLWluZGlhbi1zdGVlbC1uYXRpb25hbC1taXNzaW9uLXVubGVhc2hlcy1wcm9taXNpbmctcGlsb3QtaW5pdGlhdGl2ZXMv0gEA,Green Hydrogen Revolution in Indian Steel: National Mission Unleashes Promising Pilot Initiatives,"Sat, 03 Feb 2024 05:29:53 GMT"
"Budget boost for clean energy: Solar allocation soars to ₹8,500 cr; green hydrogen funding doubles - ETEnergyWorld",https://news.google.com/rss/articles/CBMiowFodHRwczovL2VuZXJneS5lY29ub21pY3RpbWVzLmluZGlhdGltZXMuY29tL25ld3MvcmVuZXdhYmxlL2J1ZGdldC1ib29zdC1mb3ItY2xlYW4tZW5lcmd5LXNvbGFyLWFsbG9jYXRpb24tc29hcnMtdG8tODUwMC1jci1ncmVlbi1oeWRyb2dlbi1mdW5kaW5nLWRvdWJsZXMvMTA3MzM5ODMw0gEA?oc=5,CBMiowFodHRwczovL2VuZXJneS5lY29ub21pY3RpbWVzLmluZGlhdGltZXMuY29tL25ld3MvcmVuZXdhYmxlL2J1ZGdldC1ib29zdC1mb3ItY2xlYW4tZW5lcmd5LXNvbGFyLWFsbG9jYXRpb24tc29hcnMtdG8tODUwMC1jci1ncmVlbi1oeWRyb2dlbi1mdW5kaW5nLWRvdWJsZXMvMTA3MzM5ODMw0gEA,"Budget boost for clean energy: Solar allocation soars to ₹8,500 cr; green hydrogen funding doubles","Fri, 02 Feb 2024 02:48:43 GMT"
"India’s green hydrogen move may worsen pollution if steps are not in place, says study - The Hindu",https://news.google.com/rss/articles/CBMilwFodHRwczovL3d3dy50aGVoaW5kdS5jb20vc2NpLXRlY2gvZW5lcmd5LWFuZC1lbnZpcm9ubWVudC9pbmRpYXMtZ3JlZW4taHlkcm9nZW4tbWlzc2lvbi1ydW5zLXJpc2stb2YtcG9sbHV0aW9uLXNhbnMtYWNjb3VudGluZy1zdHVkeS9hcnRpY2xlNjc0NjIxNTYuZWNl0gGcAWh0dHBzOi8vd3d3LnRoZWhpbmR1LmNvbS9zY2ktdGVjaC9lbmVyZ3ktYW5kLWVudmlyb25tZW50L2luZGlhcy1ncmVlbi1oeWRyb2dlbi1taXNzaW9uLXJ1bnMtcmlzay1vZi1wb2xsdXRpb24tc2Fucy1hY2NvdW50aW5nLXN0dWR5L2FydGljbGU2NzQ2MjE1Ni5lY2UvYW1wLw?oc=5,CBMilwFodHRwczovL3d3dy50aGVoaW5kdS5jb20vc2NpLXRlY2gvZW5lcmd5LWFuZC1lbnZpcm9ubWVudC9pbmRpYXMtZ3JlZW4taHlkcm9nZW4tbWlzc2lvbi1ydW5zLXJpc2stb2YtcG9sbHV0aW9uLXNhbnMtYWNjb3VudGluZy1zdHVkeS9hcnRpY2xlNjc0NjIxNTYuZWNl0gGcAWh0dHBzOi8vd3d3LnRoZWhpbmR1LmNvbS9zY2ktdGVjaC9lbmVyZ3ktYW5kLWVudmlyb25tZW50L2luZGlhcy1ncmVlbi1oeWRyb2dlbi1taXNzaW9uLXJ1bnMtcmlzay1vZi1wb2xsdXRpb24tc2Fucy1hY2NvdW50aW5nLXN0dWR5L2FydGljbGU2NzQ2MjE1Ni5lY2UvYW1wLw,"India’s green hydrogen move may worsen pollution if steps are not in place, says study","Thu, 26 Oct 2023 07:00:00 GMT"
R K Singh meets transport sector to explore ways to utilise green hydrogen - Business Standard,https://news.google.com/rss/articles/CBMijgFodHRwczovL3d3dy5idXNpbmVzcy1zdGFuZGFyZC5jb20vaW5kdXN0cnkvbmV3cy9yLWstc2luZ2gtbWVldHMtdHJhbnNwb3J0LXNlY3Rvci10by1leHBsb3JlLXdheXMtdG8tdXRpbGlzZS1ncmVlbi1oeWRyb2dlbi0xMjQwMTI1MDEwNThfMS5odG1s0gGSAWh0dHBzOi8vd3d3LmJ1c2luZXNzLXN0YW5kYXJkLmNvbS9hbXAvaW5kdXN0cnkvbmV3cy9yLWstc2luZ2gtbWVldHMtdHJhbnNwb3J0LXNlY3Rvci10by1leHBsb3JlLXdheXMtdG8tdXRpbGlzZS1ncmVlbi1oeWRyb2dlbi0xMjQwMTI1MDEwNThfMS5odG1s?oc=5,CBMijgFodHRwczovL3d3dy5idXNpbmVzcy1zdGFuZGFyZC5jb20vaW5kdXN0cnkvbmV3cy9yLWstc2luZ2gtbWVldHMtdHJhbnNwb3J0LXNlY3Rvci10by1leHBsb3JlLXdheXMtdG8tdXRpbGlzZS1ncmVlbi1oeWRyb2dlbi0xMjQwMTI1MDEwNThfMS5odG1s0gGSAWh0dHBzOi8vd3d3LmJ1c2luZXNzLXN0YW5kYXJkLmNvbS9hbXAvaW5kdXN0cnkvbmV3cy9yLWstc2luZ2gtbWVldHMtdHJhbnNwb3J0LXNlY3Rvci10by1leHBsb3JlLXdheXMtdG8tdXRpbGlzZS1ncmVlbi1oeWRyb2dlbi0xMjQwMTI1MDEwNThfMS5odG1s,R K Singh meets transport sector to explore ways to utilise green hydrogen,"Thu, 25 Jan 2024 08:00:00 GMT"
Govt launches pilot project on use of green hydrogen in shipping - Moneycontrol,https://news.google.com/rss/articles/CBMieWh0dHBzOi8vd3d3Lm1vbmV5Y29udHJvbC5jb20vbmV3cy9idXNpbmVzcy9nb3Z0LWxhdW5jaGVzLXBpbG90LXByb2plY3Qtb24tdXNlLW9mLWdyZWVuLWh5ZHJvZ2VuLWluLXNoaXBwaW5nLTEyMTgzOTgxLmh0bWzSAX1odHRwczovL3d3dy5tb25leWNvbnRyb2wuY29tL25ld3MvYnVzaW5lc3MvZ292dC1sYXVuY2hlcy1waWxvdC1wcm9qZWN0LW9uLXVzZS1vZi1ncmVlbi1oeWRyb2dlbi1pbi1zaGlwcGluZy0xMjE4Mzk4MS5odG1sL2FtcA?oc=5,CBMieWh0dHBzOi8vd3d3Lm1vbmV5Y29udHJvbC5jb20vbmV3cy9idXNpbmVzcy9nb3Z0LWxhdW5jaGVzLXBpbG90LXByb2plY3Qtb24tdXNlLW9mLWdyZWVuLWh5ZHJvZ2VuLWluLXNoaXBwaW5nLTEyMTgzOTgxLmh0bWzSAX1odHRwczovL3d3dy5tb25leWNvbnRyb2wuY29tL25ld3MvYnVzaW5lc3MvZ292dC1sYXVuY2hlcy1waWxvdC1wcm9qZWN0LW9uLXVzZS1vZi1ncmVlbi1oeWRyb2dlbi1pbi1zaGlwcGluZy0xMjE4Mzk4MS5odG1sL2FtcA,Govt launches pilot project on use of green hydrogen in shipping,"Fri, 02 Feb 2024 15:34:56 GMT"
Govt greenlights pilot projects for Green Hydrogen in shipping sector - Construction World,https://news.google.com/rss/articles/CBMimAFodHRwczovL3d3dy5jb25zdHJ1Y3Rpb253b3JsZC5pbi90cmFuc3BvcnQtaW5mcmFzdHJ1Y3R1cmUvcG9ydHMtYW5kLXNoaXBwaW5nL2dvdnQtZ3JlZW5saWdodHMtcGlsb3QtcHJvamVjdHMtZm9yLWdyZWVuLWh5ZHJvZ2VuLWluLXNoaXBwaW5nLXNlY3Rvci81MDQ4NdIBAA?oc=5,CBMimAFodHRwczovL3d3dy5jb25zdHJ1Y3Rpb253b3JsZC5pbi90cmFuc3BvcnQtaW5mcmFzdHJ1Y3R1cmUvcG9ydHMtYW5kLXNoaXBwaW5nL2dvdnQtZ3JlZW5saWdodHMtcGlsb3QtcHJvamVjdHMtZm9yLWdyZWVuLWh5ZHJvZ2VuLWluLXNoaXBwaW5nLXNlY3Rvci81MDQ4NdIBAA,Govt greenlights pilot projects for Green Hydrogen in shipping sector,"Mon, 05 Feb 2024 10:44:04 GMT"
ANALYSIS | What does EU's new 90% emissions reduction target for 2040 mean for green hydrogen? - Hydrogen Insight,https://news.google.com/rss/articles/CBMikAFodHRwczovL3d3dy5oeWRyb2dlbmluc2lnaHQuY29tL3RyYW5zcG9ydC9hbmFseXNpcy13aGF0LWRvZXMtZXVzLW5ldy05MC1lbWlzc2lvbnMtcmVkdWN0aW9uLXRhcmdldC1mb3ItMjA0MC1tZWFuLWZvci1ncmVlbi1oeWRyb2dlbi0vMi0xLTE1OTU0NzDSAQA?oc=5,CBMikAFodHRwczovL3d3dy5oeWRyb2dlbmluc2lnaHQuY29tL3RyYW5zcG9ydC9hbmFseXNpcy13aGF0LWRvZXMtZXVzLW5ldy05MC1lbWlzc2lvbnMtcmVkdWN0aW9uLXRhcmdldC1mb3ItMjA0MC1tZWFuLWZvci1ncmVlbi1oeWRyb2dlbi0vMi0xLTE1OTU0NzDSAQA,ANALYSIS | What does EU's new 90% emissions reduction target for 2040 mean for green hydrogen?,"Wed, 07 Feb 2024 15:35:00 GMT"
MNRE releases guidelines for pilot projects on use of green hydrogen in shipping sector - Press Trust of India,https://news.google.com/rss/articles/CBMihgFodHRwczovL3d3dy5wdGluZXdzLmNvbS9zdG9yeS9idXNpbmVzcy9tbnJlLXJlbGVhc2VzLWd1aWRlbGluZXMtZm9yLXBpbG90LXByb2plY3RzLW9uLXVzZS1vZi1ncmVlbi1oeWRyb2dlbi1pbi1zaGlwcGluZy1zZWN0b3IvMTI2MjIzNNIBAA?oc=5,CBMihgFodHRwczovL3d3dy5wdGluZXdzLmNvbS9zdG9yeS9idXNpbmVzcy9tbnJlLXJlbGVhc2VzLWd1aWRlbGluZXMtZm9yLXBpbG90LXByb2plY3RzLW9uLXVzZS1vZi1ncmVlbi1oeWRyb2dlbi1pbi1zaGlwcGluZy1zZWN0b3IvMTI2MjIzNNIBAA,MNRE releases guidelines for pilot projects on use of green hydrogen in shipping sector,"Mon, 05 Feb 2024 14:09:42 GMT"
Centre offers Rs 115 crore support for retrofitting ships to run on Green Hydrogen - The Economic Times,https://news.google.com/rss/articles/CBMihwFodHRwczovL20uZWNvbm9taWN0aW1lcy5jb20vaW5kdXN0cnkvcmVuZXdhYmxlcy9jZW50cmUtdG8tc3VwcG9ydC1yZXRyb2ZpdHRpbmctc2hpcHMtdG8tcnVuLW9uLWdyZWVuLWh5ZHJvZ2VuL2FydGljbGVzaG93LzEwNzM2ODE5Ni5jbXPSAQA?oc=5,CBMihwFodHRwczovL20uZWNvbm9taWN0aW1lcy5jb20vaW5kdXN0cnkvcmVuZXdhYmxlcy9jZW50cmUtdG8tc3VwcG9ydC1yZXRyb2ZpdHRpbmctc2hpcHMtdG8tcnVuLW9uLWdyZWVuLWh5ZHJvZ2VuL2FydGljbGVzaG93LzEwNzM2ODE5Ni5jbXPSAQA,Centre offers Rs 115 crore support for retrofitting ships to run on Green Hydrogen,"Fri, 02 Feb 2024 15:07:18 GMT"
Wood selected as owner's engineer for world-leading green hydrogen project in Spain - Hydrogen Central,https://news.google.com/rss/articles/CBMicGh0dHBzOi8vaHlkcm9nZW4tY2VudHJhbC5jb20vd29vZC1zZWxlY3RlZC1hcy1vd25lcnMtZW5naW5lZXItZm9yLXdvcmxkLWxlYWRpbmctZ3JlZW4taHlkcm9nZW4tcHJvamVjdC1pbi1zcGFpbi_SAQA?oc=5,CBMicGh0dHBzOi8vaHlkcm9nZW4tY2VudHJhbC5jb20vd29vZC1zZWxlY3RlZC1hcy1vd25lcnMtZW5naW5lZXItZm9yLXdvcmxkLWxlYWRpbmctZ3JlZW4taHlkcm9nZW4tcHJvamVjdC1pbi1zcGFpbi_SAQA,Wood selected as owner's engineer for world-leading green hydrogen project in Spain,"Sat, 10 Feb 2024 11:42:07 GMT"
Spain offers up to €200m in financial support for green hydrogen projects in Mauritania - Hydrogen Insight,https://news.google.com/rss/articles/CBMijQFodHRwczovL3d3dy5oeWRyb2dlbmluc2lnaHQuY29tL3Byb2R1Y3Rpb24vc3BhaW4tb2ZmZXJzLXVwLXRvLTIwMG0taW4tZmluYW5jaWFsLXN1cHBvcnQtZm9yLWdyZWVuLWh5ZHJvZ2VuLXByb2plY3RzLWluLW1hdXJpdGFuaWEvMi0xLTE1OTY1MjfSAQA?oc=5,CBMijQFodHRwczovL3d3dy5oeWRyb2dlbmluc2lnaHQuY29tL3Byb2R1Y3Rpb24vc3BhaW4tb2ZmZXJzLXVwLXRvLTIwMG0taW4tZmluYW5jaWFsLXN1cHBvcnQtZm9yLWdyZWVuLWh5ZHJvZ2VuLXByb2plY3RzLWluLW1hdXJpdGFuaWEvMi0xLTE1OTY1MjfSAQA,Spain offers up to €200m in financial support for green hydrogen projects in Mauritania,"Fri, 09 Feb 2024 11:13:42 GMT"
Commercial production of green hydrogen - The Sentinel Assam,https://news.google.com/rss/articles/CBMiWWh0dHBzOi8vd3d3LnNlbnRpbmVsYXNzYW0uY29tL21vcmUtbmV3cy9lZGl0b3JpYWwvY29tbWVyY2lhbC1wcm9kdWN0aW9uLW9mLWdyZWVuLWh5ZHJvZ2Vu0gEA?oc=5,CBMiWWh0dHBzOi8vd3d3LnNlbnRpbmVsYXNzYW0uY29tL21vcmUtbmV3cy9lZGl0b3JpYWwvY29tbWVyY2lhbC1wcm9kdWN0aW9uLW9mLWdyZWVuLWh5ZHJvZ2Vu0gEA,Commercial production of green hydrogen,"Wed, 07 Feb 2024 05:31:29 GMT"
